Index,lat,lng,popup,,
1,37.77387,-122.3026,JMCY,,
2,32.94775,-120.658,SEKY,,
3,26.76793,-80.05202,QDYS,,
4,3.02711,101.3571,DYXO,,
5,37.79338,-122.3003,BLMU,,
6,-6.056748,106.8841,SPFW,,
7,-6.030645,106.9068,HEJO,,
8,54.61345,12.3659,ZEHF,,
9,53.08455,4.235617,LZUJ,,
10,49.45913,0.15493,IZEE,,
11,26.73572,-80.02293,UUHU,,
12,35.10598,128.6884,JEMU,,
13,37.95794,121.1344,ITYI,,
14,3.870762,9.50628,JIUD,,
15,61.24119,-149.8881,WSFX,,
16,-29.71329,31.14584,HSCO,,
17,40.84878,28.2954,IHFB,,
18,26.19552,50.67174,HGOK,,
19,33.95678,35.5736,QUKA,,
20,6.085917,1.28285,PNGD,,
21,38.46442,15.91103,BSCK,,
22,37.34174,126.6249,QCLI,,
23,-20.16623,57.42235,DAWW,,
24,25.0546,51.69381,VTCR,,
25,22.60365,120.2361,YKAR,,
26,34.44181,134.102,CLKR,,
27,35.38316,139.7272,OUAL,,
28,26.79038,119.7128,ANMW,,
29,34.66676,139.0571,IJWO,,
30,34.13333,133.0902,WDWB,,
31,-37.81756,144.9203,ELAJ,,
32,-36.84327,174.781,CZUY,,
33,31.37371,121.5833,BJXV,,
34,35.97686,120.363,ZVBY,,
35,35.62338,139.7598,GHFY,,
36,10.05647,-83.09418,GLTR,,
37,32.38052,-64.64932,YTWM,,
38,-20.20517,166.9307,UVCI,,
39,40.3033,121.8398,UEGV,,
40,36.67405,14.87908,LJFH,,
41,28.13001,-15.41781,PZEF,,
42,35.0775,128.8307,ELKB,,
43,36.80355,10.26908,DISL,,
44,45.21176,12.26137,MORI,,
45,37.49227,11.05982,BXAS,,
46,52.1491,3.682635,GBID,,
47,60.02394,29.15212,OJSV,,
48,2.218233,101.9437,KAZR,,
49,40.41361,29.08,BMNV,,
50,22.18235,91.75359,BMQW,,
51,-2.252348,-79.92735,WUOQ,,
52,57.52067,8.9625,MQNL,,
53,31.74145,131.6189,YNNL,,
54,31.83051,34.57185,KWNE,,
55,35.05776,129.0614,EGOF,,
56,33.7385,-118.2085,NOLN,,
57,-6.040372,106.9097,YLGU,,
58,36.79962,14.01982,EJOL,,
59,35.07188,128.8172,VPLP,,
60,46.33051,30.66266,FMVP,,
61,1.270415,103.7667,ITPJ,,
62,24.56731,118.9237,STIW,,
63,22.73833,69.69199,DNVL,,
64,6.345438,2.42116,SEFO,,
65,3.76353,8.772023,JORK,,
66,34.05729,131.7413,NFCG,,
67,33.87593,-7.680182,MXNF,,
68,41.52767,7.461585,GIDK,,
69,43.99693,9.851058,XVSL,,
70,2.51521,101.4653,HHSN,,
71,-6.102684,106.8839,MVEP,,
72,21.08378,72.6314,GIOJ,,
73,33.9749,130.4466,ATQK,,
74,22.30668,114.1,IJZU,,
75,22.26823,114.2474,NNAT,,
76,30.62007,122.0607,USJU,,
77,52.10498,2.889132,RGMW,,
78,25.27914,55.1076,PIIU,,
79,35.0477,129.0505,JVHD,,
80,38.45967,15.90741,EMZK,,
81,40.84466,29.28854,ORZH,,
82,-6.84,39.2965,PDTH,,
83,1.2595,103.7886,DDSR,,
84,13.35401,100.6409,EMRT,,
85,-6.057387,106.8682,MQCV,,
86,-6.10335,106.8748,FLYO,,
87,40.69013,122.0021,RLTF,,
88,22.3453,113.9564,QKSB,,
89,41.69261,29.12772,UYLJ,,
90,25.21167,-77.46082,TNSX,,
91,25.02253,55.04654,GRHJ,,
92,-20.1771,57.4118,CLDQ,,
93,1.340318,104.0941,UYRF,,
94,4.90337,-3.950275,MSTI,,
95,6.33014,3.440478,XQXP,,
96,38.78386,26.88386,GFJS,,
97,22.54394,120.3279,OBWR,,
98,-6.052182,106.8987,QREW,,
99,27.9968,120.8822,BPSJ,,
100,-7.113369,112.6626,SCBY,,
101,37.90665,-8.887533,FKEN,,
102,40.88763,28.62152,XRGB,,
103,53.90162,-166.5294,EDIO,,
104,34.57585,136.9909,GXUI,,
105,-6.045866,106.9258,HSBO,,
106,22.3402,114.1148,GXGG,,
107,38.32417,-0.454,CBOQ,,
108,37.73468,-25.66374,LYNF,,
109,6.136525,1.274975,RAHJ,,
110,26.52809,-78.8955,KVTL,,
111,29.91083,-90.10833,XQIJ,,
112,32.57696,-79.5736,FFMD,,
113,22.07649,114.1907,IEOA,,
114,13.7701,120.9876,GDGB,,
115,1.334533,104.3192,DHVY,,
116,52.34112,3.270918,CDEN,,
117,7.142243,79.42477,KOKB,,
118,24.99564,55.06509,TSRO,,
119,38.35883,141.3182,HCNG,,
120,42.60795,141.7815,YZEH,,
121,34.64488,135.2441,VHNE,,
122,34.34103,133.6927,BVYO,,
123,64.05338,-52.16946,HULB,,
124,57.04836,10.05751,WFXC,,
125,68.94354,-52.16388,OOKU,,
126,2.109692,102.084,JLGE,,
127,21.54593,38.82368,VVPH,,
128,31.33029,121.6686,TMHC,,
129,34.61964,135.2562,GFFH,,
130,38.49059,15.74991,KEKQ,,
131,22.3437,113.7911,GJSI,,
132,40.75893,29.7445,XGSB,,
133,35.11479,129.3793,MTYU,,
134,51.89452,3.508448,BYVO,,
135,25.00353,55.07419,FCGX,,
136,33.63758,-7.572217,EMCS,,
137,33.90932,35.53164,BYQO,,
138,-6.104118,106.8878,RPJM,,
139,2.897272,100.9365,YKJE,,
140,53.43349,-2.416393,WETQ,,
141,32.83286,-79.89201,OKYQ,,
142,51.87894,4.413058,MZBE,,
143,36.47605,21.31626,CLDD,,
144,59.40119,22.66388,TPLI,,
145,1.272917,103.3053,RWWL,,
146,22.55335,120.3285,XTWY,,
147,13.44352,-16.57184,SJVO,,
148,37.95399,23.5954,MVGB,,
149,38.35216,25.15624,PPXL,,
150,36.6848,36.19538,WJDF,,
151,20.16084,110.2226,LUMN,,
152,-1.083167,-48.48767,BNFD,,
153,38.4488,15.90289,RXEE,,
154,54.55407,11.28525,SJIP,,
155,2.809683,101.2673,GUMH,,
156,22.33024,114.0892,AGTB,,
157,33.92722,132.6747,JYEK,,
158,37.62664,16.68831,EMKS,,
159,45.62833,13.759,MZHW,,
160,36.42834,13.46546,VYPI,,
161,36.15778,135.5192,LNYK,,
162,52.257,3.197,BEIL,,
163,59.55979,10.61863,EJPV,,
164,45.86446,-73.26288,XHDP,,
165,18.95617,72.94688,LSFC,,
166,34.57832,134.8897,KCNT,,
167,43.08608,131.8832,GBMC,,
168,8.866366,-79.51983,QHQQ,,
169,38.98583,117.7374,XCJN,,
170,22.30671,91.80021,BHUB,,
171,59.98001,29.75855,UWAS,,
172,38.7215,-9.112667,HECB,,
173,51.68373,4.595735,MFQV,,
174,26.00711,119.4791,MKMR,,
175,35.04918,128.7188,TZCS,,
176,1.280683,103.7703,TSPD,,
177,31.23132,122.0818,DQQS,,
178,9.352185,-79.90766,KLDR,,
179,40.60717,22.933,WQAF,,
180,1.255318,103.8648,KGWS,,
181,1.435903,103.8914,CUPJ,,
182,60.03558,28.68653,NTIL,,
183,59.74555,28.24318,CMTZ,,
184,-12.16723,44.39053,CQCU,,
185,34.65208,135.4033,STHV,,
186,34.24857,133.4252,IXZS,,
187,33.79783,126.156,XRVV,,
188,53.77467,8.146167,MUVC,,
189,40.96183,28.67233,KXPO,,
190,40.75015,29.73257,UGWR,,
191,33.79117,-7.54535,UDFN,,
192,37.26783,9.873308,MMPA,,
193,9.990151,-83.02249,KRRR,,
194,-33.87145,18.46353,UHYG,,
195,35.58351,14.75226,SWAC,,
196,22.35027,114.0231,LIQS,,
197,22.41396,113.901,BYKX,,
198,35.06116,129.0545,WLOJ,,
199,33.96925,131.0042,NPVY,,
200,25.78588,-79.61189,WIWA,,
201,33.77147,131.6214,BVMG,,
202,33.9581,130.8479,KPHI,,
203,34.67135,10.85088,JXAP,,
204,22.59129,120.0704,AHFS,,
205,5.415165,100.3602,GQLP,,
206,22.68683,113.6617,IPUZ,,
207,37.95621,23.59448,JOXO,,
208,37.87683,23.63667,FOTB,,
209,41.34738,2.171817,TMXY,,
210,1.261733,103.7797,BCNA,,
211,24.26899,120.5134,XISO,,
212,24.15182,118.3306,KWFG,,
213,21.08575,110.516,KQPS,,
214,41.47818,29.70064,VMQP,,
215,40.98793,28.99367,OSPT,,
216,23.35134,116.7195,FLYV,,
217,35.43812,139.6796,FBRB,,
218,13.69528,100.5866,NZCV,,
219,13.36547,100.6404,DCDA,,
220,2.937542,101.296,OHPK,,
221,14.80312,120.266,JGPW,,
222,13.62389,100.5432,FJPX,,
223,13.65724,100.5686,DGSN,,
224,31.37012,121.5905,THLC,,
225,33.77088,131.4442,MLMS,,
226,34.75357,126.3503,TMCI,,
227,39.43783,-0.321333,HSYN,,
228,5.646167,97.10344,UHGG,,
229,-29.88286,31.0254,QPBV,,
230,33.69131,-7.588313,EKEH,,
231,32.36768,15.21887,QQHL,,
232,22.6675,69.7121,EUFG,,
233,59.4633,22.84795,DIIF,,
234,46.93953,31.95257,HKTB,,
235,2.945717,101.3007,GRXH,,
236,14.21433,80.20383,WYSL,,
237,20.86837,72.61269,AYGT,,
238,13.69253,100.5888,EMWB,,
239,13.4491,100.6009,KGJY,,
240,9.786803,-16.29144,HSUD,,
241,14.48593,-17.26487,BPSV,,
242,40.26647,122.0941,YNHD,,
243,43.62109,13.49355,QDOL,,
244,33.80433,-7.7495,JYNC,,
245,42.16377,41.61799,NUXR,,
246,34.58504,32.56336,PIQE,,
247,27.35677,121.2046,EZVY,,
248,28.14864,-15.41451,NERL,,
249,41.31244,2.152457,BUUM,,
250,38.43084,27.11527,BSVI,,
251,33.60847,-7.598338,SRLB,,
252,37.43891,126.6112,NAHJ,,
253,2.887833,100.9343,QFJP,,
254,2.315205,101.7464,SEGP,,
255,37.56138,126.5962,SMSL,,
256,30.89821,122.9532,JTCV,,
257,22.55203,120.3295,LUJZ,,
258,34.40216,134.366,ZCOL,,
259,41.39326,2.58208,KYEG,,
260,35.95291,-6.029218,ECBQ,,
261,35.85802,14.7048,SHFG,,
262,40.777,-8.849207,PPXE,,
263,34.651,30.49535,WPKB,,
264,24.55636,118.7821,GGTL,,
265,59.1615,17.6631,JCVX,,
266,35.72033,-6.146232,BBKT,,
267,38.31294,-0.487482,TXPG,,
268,44.30327,9.025302,RQHS,,
269,37.28045,9.932005,KJFW,,
270,25.13963,121.751,WSUT,,
271,22.06433,114.2081,XRSR,,
272,33.72648,131.9775,DCUM,,
273,34.65871,135.2302,AFUF,,
274,31.82465,34.64318,YBXR,,
275,-12.04404,-77.14381,NYPQ,,
276,20.4706,-107.2372,QFTF,,
277,19.65841,-106.3184,SOZX,,
278,33.94654,35.56234,HFLQ,,
279,21.87106,113.9552,FBXY,,
280,9.45568,-79.83455,MHMT,,
281,39.02037,121.8558,VCVX,,
282,34.79385,139.5847,UNWL,,
283,37.73516,-25.66722,VPXX,,
284,38.73651,-9.101038,FCSW,,
285,22.90984,120.0225,JGQO,,
286,40.6183,22.93235,GNHI,,
287,-29.8766,31.00675,GEMU,,
288,21.457,39.15767,OJBI,,
289,6.95132,79.85316,FSQX,,
290,34.8275,129.1005,XQKM,,
291,13.11648,100.8588,MQDN,,
292,35.7225,27.671,KTXN,,
293,25.05916,55.00579,REYA,,
294,38.87703,26.99351,ICCR,,
295,33.71715,132.2552,PDRN,,
296,22.22592,91.80614,NRMW,,
297,1.276032,103.7573,RVHO,,
298,23.05697,116.7899,MNQU,,
299,41.50775,29.12463,MTIR,,
300,1.256162,103.9912,JOCJ,,
301,-33.96055,151.1992,DUKV,,
302,-6.049735,106.9031,DKQO,,
303,-34.90275,-56.21108,HRIT,,
304,35.36043,119.5341,CUET,,
305,57.68824,11.86248,KMNI,,
306,43.71526,-9.431757,DVNG,,
307,13.01739,100.7795,TSJX,,
308,24.5068,118.0759,QYXW,,
309,7.230377,100.5736,PIFT,,
310,9.994416,125.3548,DTXD,,
311,22.32985,114.126,WIWP,,
312,24.62446,120.665,PLXU,,
313,40.27633,122.0943,OSHS,,
314,37.44802,122.1939,CLOU,,
315,25.14505,54.84316,OPMA,,
316,25.35952,55.37085,YUGI,,
317,38.64668,121.7797,FXYY,,
318,-2.555385,140.738,MVMJ,,
319,40.32717,121.8705,YHHM,,
320,35.06977,128.8212,AWBH,,
321,-6.0547,106.9044,OYUB,,
322,38.08044,-0.144628,SNYU,,#VALUE!
323,33.82474,131.6738,QLLD,,#VALUE!
324,43.74321,28.99935,WIQD,,#VALUE!
325,6.946547,79.85175,KEGD,,#VALUE!
326,37.44891,122.1928,CCIB,,#VALUE!
327,32.23132,33.65792,YMKN,,#VALUE!
328,45.45485,12.25433,GVAY,,#VALUE!
329,51.36961,4.078882,PXTJ,,#VALUE!
330,51.89116,4.454731,OQMT,,#VALUE!
331,34.65237,33.01663,XSKH,,#VALUE!
332,44.41734,8.795422,NIUJ,,#VALUE!
333,30.06034,47.9271,BWPL,,#VALUE!
334,39.86455,8.551733,CRLX,,#VALUE!
335,32.36432,15.21703,MDOI,,#VALUE!
336,32.36611,15.21713,INUJ,,#VALUE!
337,34.58046,23.55391,HBQJ,,#VALUE!
338,60.02717,29.26384,HKXE,,#VALUE!
339,45.56221,-73.521,TBXD,,#VALUE!
340,46.44658,-54.53151,UGKO,,#VALUE!
341,44.03002,-9.1741,DFXJ,,#VALUE!
342,8.876638,-79.50951,OEUT,,#VALUE!
343,35.08449,129.0048,EWEU,,#VALUE!
344,-22.26378,166.4312,KGGY,,#VALUE!
345,2.943205,101.2993,OLWC,,#VALUE!
346,-36.843,174.7794,TIRQ,,#VALUE!
347,53.59418,8.520218,CJOK,,#VALUE!
348,35.06348,129.0423,LBPI,,#VALUE!
349,14.25384,80.11419,INVB,,#VALUE!
350,22.32428,114.1236,VBOD,,#VALUE!
351,39.47984,19.44955,UOQZ,,#VALUE!
352,31.82556,34.64118,CXKC,,#VALUE!
353,38.46209,15.90918,OHSS,,#VALUE!
354,32.81633,35.01114,FPNG,,#VALUE!
355,36.27158,27.09141,NHOZ,,#VALUE!
356,-33.91295,18.43035,KTCV,,#VALUE!
357,31.14467,122.6998,JUSX,,#VALUE!
358,24.99113,55.06003,WCWL,,#VALUE!
359,25.02483,55.06034,QEXF,,#VALUE!
360,13.35159,100.6241,XRQM,,#VALUE!
361,22.54864,120.295,GZCJ,,#VALUE!
362,61.14083,20.36867,NEXE,,#VALUE!
363,45.55313,13.73585,WAQY,,#VALUE!
364,31.99813,120.8276,BIQD,,#VALUE!
365,42.73596,133.0809,DDDD,,#VALUE!
366,-3.681437,128.146,EYMJ,,#VALUE!
367,34.86025,129.1451,WCYB,,#VALUE!
368,38.60189,141.7774,LVWX,,#VALUE!
369,37.95621,23.58549,DTCL,,#VALUE!
370,35.59138,-6.245678,EILP,,#VALUE!
371,22.24733,114.1077,HLTK,,#VALUE!
372,40.63406,22.90548,DCGR,,#VALUE!
373,38.36383,0.095043,XMYY,,#VALUE!
374,1.437438,103.888,IHQS,,#VALUE!
375,25.38866,121.0043,HYDC,,#VALUE!
376,-6.83474,39.29438,VQDJ,,#VALUE!
377,1.285215,103.7668,MIDE,,#VALUE!
378,51.68324,4.593233,PXAX,,#VALUE!
379,54.60861,-1.154713,FHRC,,#VALUE!
380,11.08233,-75.67533,BTQW,,#VALUE!
381,38.73974,-74.94722,EDHG,,#VALUE!
382,40.26217,122.0945,PNBJ,,#VALUE!
383,53.53843,9.909596,HYXA,,#VALUE!
384,51.774,4.626332,YFKI,,#VALUE!
385,38.8914,121.9746,GHZN,,#VALUE!
386,30.0253,47.95233,MBZK,,#VALUE!
387,15.40312,73.8083,DTLJ,,#VALUE!
388,51.28407,4.249493,ECJH,,#VALUE!
389,51.92212,3.79467,RILI,,#VALUE!
390,51.87933,4.417333,RZCP,,#VALUE!
391,31.82899,34.58998,QUMO,,#VALUE!
392,2.166333,101.9549,SFIY,,#VALUE!
393,1.24475,103.537,QYMF,,#VALUE!
394,-45.81381,170.625,RLRD,,#VALUE!
395,13.92779,-90.79102,WSXS,,#VALUE!
396,-40.30927,-73.99728,MLGP,,#VALUE!
397,-6.0413,106.9035,KVTP,,#VALUE!
398,33.76188,132.4052,LKZZ,,#VALUE!
399,35.23387,27.87281,VDCE,,#VALUE!
400,26.06979,-80.11531,OBBS,,#VALUE!
401,32.56942,-79.61214,MXPK,,#VALUE!
402,37.79358,-122.312,POLK,,#VALUE!
403,31.59337,121.4469,BJXT,,#VALUE!
404,45.82982,-125.1296,GOUA,,#VALUE!
405,36.81442,10.43198,FWPO,,#VALUE!
406,57.66119,9.28849,ULPU,,#VALUE!
407,-18.31963,49.60585,JHNH,,#VALUE!
408,6.94595,79.83375,TZBA,,#VALUE!
409,-20.1574,57.44091,NYBF,,#VALUE!
410,40.83893,14.28682,QJSX,,#VALUE!
411,25.75126,-76.94334,ZHZM,,#VALUE!
412,48.552,-125.5858,GORQ,,#VALUE!
413,53.53533,10.01267,FJLX,,#VALUE!
414,36.02798,-6.46717,AMMI,,#VALUE!
415,35.07099,128.8296,ECXG,,#VALUE!
416,1.255333,103.7847,IHUA,,#VALUE!
417,22.55783,120.3207,QDDR,,#VALUE!
418,17.97555,-102.1722,VQEB,,#VALUE!
419,22.57165,114.2695,XGMJ,,#VALUE!
420,38.88813,122.0231,ICWD,,#VALUE!
421,36.79697,10.41483,BWFR,,#VALUE!
422,-6.065444,106.8994,QYPK,,#VALUE!
423,41.35159,2.170178,OVDK,,#VALUE!
424,10.3866,-75.79433,CUGC,,#VALUE!
425,34.473,138.2233,ELLP,,#VALUE!
426,3.163633,100.6204,YSYT,,#VALUE!
427,22.56072,120.3133,UKSE,,#VALUE!
428,24.98512,55.06485,ORTU,,#VALUE!
429,10.67705,-17.17103,DFYL,,#VALUE!
430,51.50346,0.496568,WUDB,,#VALUE!
431,34.63782,135.2801,ITTM,,#VALUE!
432,1.25775,103.7874,MRUV,,#VALUE!
433,45.62894,13.76107,WBPI,,#VALUE!
434,12.27446,-69.43295,UWGP,,#VALUE!
435,47.10551,-2.449647,CASF,,#VALUE!
436,25.174,54.90538,WGEX,,#VALUE!
437,22.45902,113.8961,GPQY,,#VALUE!
438,10.65491,-61.52657,JRXG,,#VALUE!
439,45.55179,-73.52477,TJXK,,#VALUE!
440,35.81743,14.54011,WSCX,,#VALUE!
441,46.46712,30.8571,YWAP,,#VALUE!
442,-6.040342,106.8769,TYGB,,#VALUE!
443,25.15125,121.7523,QDZG,,#VALUE!
444,-26.60884,-48.32959,DCNF,,#VALUE!
445,32.43287,131.9048,FXEF,,#VALUE!
446,34.64298,135.4257,NNQE,,#VALUE!
447,23.47033,119.8985,HAGD,,#VALUE!
448,34.74555,119.4309,ACHU,,#VALUE!
449,10.62221,-61.62175,IBDL,,#VALUE!
450,1.258655,103.8519,NTQT,,#VALUE!
451,57.5778,9.083165,OKTT,,#VALUE!
452,35.07748,128.8284,DVKC,,#VALUE!
453,17.98746,-76.83437,FOSS,,#VALUE!
454,39.44919,-0.316757,NGFR,,#VALUE!
455,36.54664,28.18114,LSIB,,#VALUE!
456,51.58587,1.819052,CDIL,,#VALUE!
457,36.54447,26.73652,FGFN,,#VALUE!
458,40.60205,14.64284,YADY,,#VALUE!
459,39.6385,-0.205803,RPZX,,#VALUE!
460,40.84466,29.2866,AXNY,,#VALUE!
461,15.83209,-87.96492,CLDN,,#VALUE!
462,37.32137,126.4735,BBHK,,#VALUE!
463,48.56718,-123.2104,QFYL,,#VALUE!
464,32.90299,-79.95816,TPJJ,,#VALUE!
465,38.9951,117.777,XPSQ,,#VALUE!
466,43.01486,15.33477,JPFL,,#VALUE!
467,17.97226,-102.1721,NDQY,,#VALUE!
468,-31.57335,153.1747,HHVK,,#VALUE!
469,-41.27706,174.7896,CJJI,,#VALUE!
470,21.44153,38.66394,QKHV,,#VALUE!
471,20.16697,72.37277,YVOG,,#VALUE!
472,35.02421,128.5777,YTPR,,#VALUE!
473,50.33384,-1.983662,NUIX,,#VALUE!
474,10.0678,-83.12001,BMSB,,#VALUE!
475,1.826333,9.7405,NDSH,,#VALUE!
476,42.40533,-8.693666,HCCS,,#VALUE!
477,20.037,110.2785,INHX,,#VALUE!
478,-22.87467,-43.204,IQRM,,#VALUE!
479,22.1764,38.69931,TJXE,,#VALUE!
480,25.31562,51.98077,OSZF,,#VALUE!
481,-33.82595,18.42564,BPLV,,#VALUE!
482,51.31506,4.271162,THDI,,#VALUE!
483,51.33417,3.193833,KHSE,,#VALUE!
484,53.53367,9.961333,ALUY,,#VALUE!
485,61.12723,21.42678,TOUJ,,#VALUE!
486,53.81907,8.107117,GRBY,,#VALUE!
487,36.32634,-2.984418,KAEU,,#VALUE!
488,-2.283865,-79.90134,YGWH,,#VALUE!
489,35.10332,129.0825,KOVU,,#VALUE!
490,1.29928,103.7196,HRSC,,#VALUE!
491,-38.8892,147.4949,HLKN,,#VALUE!
492,24.9938,55.05018,OWBH,,#VALUE!
493,6.435431,3.38863,XSCO,,#VALUE!
494,9.929637,-82.87006,XIUK,,#VALUE!
495,31.37398,121.6521,BMAI,,#VALUE!
496,29.937,121.9295,DXDF,,#VALUE!
497,38.4508,15.90365,HMFP,,#VALUE!
498,36.83605,30.61127,ZSLR,,#VALUE!
499,-6.10261,106.8924,RFDS,,#VALUE!
500,34.05509,133.4178,YRND,,#VALUE!
501,1.287917,103.7647,XZDJ,,#VALUE!
502,31.33393,121.6624,KSRR,,#VALUE!
503,29.93588,121.8689,LTIG,,#VALUE!
504,-2.8379,107.3007,KWCE,,#VALUE!
505,-6.838,39.29583,JVCV,,#VALUE!
506,51.94342,4.03371,QWDT,,#VALUE!
507,51.95867,1.522188,EHKH,,#VALUE!
508,15.69699,-88.61532,GEIP,,#VALUE!
509,37.46392,17.31218,YNCW,,#VALUE!
510,38.4432,27.15162,CIUY,,#VALUE!
511,1.2589,103.8417,JKPK,,#VALUE!
512,-20.62714,55.26321,UNQV,,#VALUE!
513,19.21218,-96.13454,ZSOB,,#VALUE!
514,51.40032,3.094455,MOAP,,#VALUE!
515,22.32725,114.133,VCRY,,#VALUE!
516,52.61967,3.807667,VEDP,,#VALUE!
517,49.50913,-6.807867,DKVK,,#VALUE!
518,45.62987,13.7648,DQBB,,#VALUE!
519,6.907747,79.56442,FWDZ,,#VALUE!
520,2.9475,101.3015,VGZG,,#VALUE!
521,22.336,114.1254,ALJM,,#VALUE!
522,36.95107,-76.33736,EGCM,,#VALUE!
523,37.74827,-122.6687,DNOB,,#VALUE!
524,21.45195,39.15852,BTOD,,#VALUE!
525,35.60158,139.7691,GPGL,,#VALUE!
526,25.51923,55.18321,WEKI,,#VALUE!
527,38.97475,117.7824,TSWQ,,#VALUE!
528,39.22292,-30.55057,USKG,,#VALUE!
529,44.73007,37.78727,LETX,,#VALUE!
530,54.60817,12.38117,QYRT,,#VALUE!
531,54.54382,18.50498,JVSX,,#VALUE!
532,-0.877993,131.2451,BEDS,,#VALUE!
533,53.52952,9.921133,BLVE,,#VALUE!
534,-12.05386,-77.14886,GCIP,,#VALUE!
535,1.249967,103.6067,BGTO,,#VALUE!
536,6.865195,79.64356,OQYO,,#VALUE!
537,35.07733,128.7932,QXCM,,#VALUE!
538,39.98343,119.8344,LSGJ,,#VALUE!
539,-41.53016,-73.02119,HPQE,,#VALUE!
540,33.3637,136.3198,IOUP,,#VALUE!
541,24.99318,55.06236,OSFI,,#VALUE!
542,35.55905,139.8586,YTUC,,#VALUE!
543,24.13683,118.5725,UOMG,,#VALUE!
544,2.569667,101.4285,NVFT,,#VALUE!
545,53.34398,-6.167967,JVDT,,#VALUE!
546,53.79582,8.019617,TCTJ,,#VALUE!
547,53.31083,-6.092393,GXOG,,#VALUE!
548,18.95488,72.94503,ZQBG,,#VALUE!
549,-18.1513,49.42737,VVQS,,#VALUE!
550,1.268667,103.7697,RNYV,,#VALUE!
551,40.68487,29.3323,NBAY,,#VALUE!
552,40.77417,29.70727,BCDD,,#VALUE!
553,22.32951,114.1166,YTMN,,#VALUE!
554,35.76871,14.62347,SXZL,,#VALUE!
555,43.19007,27.64728,JOXM,,#VALUE!
556,31.04419,122.8263,UCUY,,#VALUE!
557,36.0869,-5.407482,IDMK,,#VALUE!
558,16.0779,-87.77036,DKGU,,#VALUE!
559,41.34578,2.1714,USOK,,#VALUE!
560,36.36915,23.4005,LMEX,,#VALUE!
561,36.17551,-4.129062,UHHT,,#VALUE!
562,28.4045,-13.07283,NDCO,,#VALUE!
563,40.93817,28.65283,WJVH,,#VALUE!
564,3.037618,101.3567,ZMEN,,#VALUE!
565,22.07185,114.5424,ITDF,,#VALUE!
566,37.33324,126.6118,GGOH,,#VALUE!
567,1.267333,103.3787,YCWT,,#VALUE!
568,-21.23292,164.4848,SCJA,,#VALUE!
569,22.08703,114.1794,TYKV,,#VALUE!
570,52.00366,3.348695,UIWO,,#VALUE!
571,1.23419,103.8191,EJIJ,,#VALUE!
572,39.45375,-0.320002,DKKL,,#VALUE!
573,-6.742,146.986,WHCO,,#VALUE!
574,25.36057,55.36905,GFGB,,#VALUE!
575,1.269017,103.7713,LHRJ,,#VALUE!
576,25.26363,51.77345,GZYD,,#VALUE!
577,18.40831,-69.60479,FTRH,,#VALUE!
578,35.99577,120.2045,GBFE,,#VALUE!
579,33.74718,-118.2713,IGOT,,#VALUE!
580,25.2496,121.2487,HLNJ,,#VALUE!
581,16.0801,-17.8586,YTDD,,#VALUE!
582,36.13478,-3.312183,RQNC,,#VALUE!
583,-6.741693,39.32595,XADF,,#VALUE!
584,40.96132,28.6752,UHJR,,#VALUE!
585,40.9535,28.59533,FPFC,,#VALUE!
586,-33.9115,25.66942,ACOI,,#VALUE!
587,47.29633,-2.152833,HRHS,,#VALUE!
588,49.45867,0.157667,YGED,,#VALUE!
589,34.0048,132.7491,GMWE,,#VALUE!
590,36.78318,10.43149,WLXR,,#VALUE!
591,35.5665,139.8452,GOVB,,#VALUE!
592,51.95757,4.039312,RIAT,,#VALUE!
593,55.01698,13.78178,JLAU,,#VALUE!
594,51.95641,4.00405,SIIV,,#VALUE!
595,60.41833,26.91483,LXWQ,,#VALUE!
596,52.06474,2.845328,HSWK,,#VALUE!
597,51.33638,4.276433,HSBV,,#VALUE!
598,31.33983,121.6507,JCTZ,,#VALUE!
599,-29.87882,31.01847,KCIV,,#VALUE!
600,41.3573,2.172207,FBHM,,#VALUE!
601,38.51417,-8.872842,DMCF,,#VALUE!
602,53.51668,8.579017,ERND,,#VALUE!
603,9.554007,-79.87086,ONQV,,#VALUE!
604,43.57545,10.30635,PWSM,,#VALUE!
605,16.67795,-61.95555,BGEK,,#VALUE!
606,37.1235,-76.13284,BXYZ,,#VALUE!
607,22.33592,114.1162,RKYH,,#VALUE!
608,35.39167,29.38713,GKNR,,#VALUE!
609,43.31167,5.222333,PJWC,,#VALUE!
610,35.8606,14.71722,IBAX,,#VALUE!
611,36.80667,10.26983,PQED,,#VALUE!
612,-23.9723,-46.29465,ONSX,,#VALUE!
613,43.49453,9.436849,WMXN,,#VALUE!
614,-23.96996,-46.29664,YQYC,,#VALUE!
615,31.3686,121.5939,LUBB,,#VALUE!
616,9.059183,-13.75055,VKWU,,#VALUE!
617,5.76735,97.24461,TFSW,,#VALUE!
618,36.28777,-2.87395,CKUG,,#VALUE!
619,36.08341,25.20588,IAYL,,#VALUE!
620,25.20562,121.2895,IJQN,,#VALUE!
621,1.262183,103.8275,CMIE,,#VALUE!
622,21.90751,113.8537,FIYI,,#VALUE!
623,1.30795,103.5566,CCIH,,#VALUE!
624,2.941633,101.2984,FZSG,,#VALUE!
625,23.03918,113.5197,LZEL,,#VALUE!
626,34.64949,135.4007,QHUO,,#VALUE!
627,36.01525,120.2164,MFGC,,#VALUE!
628,1.241767,103.8816,YLPJ,,#VALUE!
629,22.45969,113.8737,ZPKR,,#VALUE!
630,-35.57831,150.7823,MXWR,,#VALUE!
631,8.974399,-79.57807,GKVD,,#VALUE!
632,-23.9203,-46.35483,XEXS,,#VALUE!
633,-24.24676,-46.04918,HUCQ,,#VALUE!
634,49.45989,0.147472,BKKO,,#VALUE!
635,-34.90053,-56.2049,XTWB,,#VALUE!
636,18.95077,72.94292,VRGZ,,#VALUE!
637,22.61629,113.6886,IZCP,,#VALUE!
638,22.85909,113.571,BQKL,,#VALUE!
639,-6.7187,39.37053,IQYP,,#VALUE!
640,32.03487,-80.88319,PNHO,,#VALUE!
641,-37.55738,150.1768,QHUB,,#VALUE!
642,60.38983,5.309333,DNTR,,#VALUE!
643,36.80667,10.4315,DYEX,,#VALUE!
644,36.80667,10.26833,RHXM,,#VALUE!
645,59.59184,5.2705,HJIO,,#VALUE!
646,21.45417,39.15816,IXBH,,#VALUE!
647,39.07016,9.194633,LSTA,,#VALUE!
648,53.5401,9.955067,YFDY,,#VALUE!
649,45.59018,-73.50452,POJG,,#VALUE!
650,50.45588,-0.323167,DTQW,,#VALUE!
651,21.38497,38.8207,OYNC,,#VALUE!
652,43.34445,-3.048327,XSHS,,#VALUE!
653,49.95921,-1.971092,ONRV,,#VALUE!
654,22.33943,114.1278,HOEB,,#VALUE!
655,35.02692,136.79,HJRP,,#VALUE!
656,54.3886,18.7205,UKGU,,#VALUE!
657,52.44554,-5.530065,GREU,,#VALUE!
658,35.73261,14.73923,SULV,,#VALUE!
659,17.98514,-76.83148,TXCK,,#VALUE!
660,13.81077,-90.98418,HXFC,,#VALUE!
661,24.17455,118.4221,UBFX,,#VALUE!
662,22.64022,113.6834,MVLP,,#VALUE!
663,36.13189,-5.395679,ENGT,,#VALUE!
664,24.51553,118.0795,YOFS,,#VALUE!
665,25.06625,51.70442,UVPH,,#VALUE!
666,36.77167,-75.5485,CTBO,,#VALUE!
667,36.74733,-75.716,XLHC,,#VALUE!
668,18.42445,-69.63033,PVFP,,#VALUE!
669,13.07578,100.8657,FIIB,,#VALUE!
670,24.743,66.9523,WXRS,,#VALUE!
671,49.4575,0.165333,TMSP,,#VALUE!
672,50.07117,-1.601167,ZTTO,,#VALUE!
673,36.00667,120.2223,YHKK,,#VALUE!
674,21.99083,113.9872,QFKT,,#VALUE!
675,21.93583,113.2238,SKMY,,#VALUE!
676,-20.81406,110.2506,FBQV,,#VALUE!
677,13.68284,120.7155,EEMO,,#VALUE!
678,60.38565,5.313455,VSTR,,#VALUE!
679,60.45751,5.016832,SFHG,,#VALUE!
680,10.6536,-61.52337,XMHI,,#VALUE!
681,13.10065,100.7699,DCRC,,#VALUE!
682,24.49283,118.067,VDUB,,#VALUE!
683,17.95543,-76.80024,BEUK,,#VALUE!
684,20.29517,-86.51967,DIBJ,,#VALUE!
685,49.01692,-123.1534,HMOR,,#VALUE!
686,36.43877,14.63581,YTLD,,#VALUE!
687,29.86473,-89.91901,YFYS,,#VALUE!
688,-26.98267,153.2323,UWDQ,,#VALUE!
689,-33.964,151.1998,MWBX,,#VALUE!
690,5.979263,97.08935,NQAU,,#VALUE!
691,26.23587,127.667,RWSX,,#VALUE!
692,21.31152,-157.8772,UETM,,#VALUE!
693,-2.5459,140.7144,QWAT,,#VALUE!
694,-34.36169,-53.23041,GXBK,,#VALUE!
695,38.39611,-74.75568,AECY,,#VALUE!
696,1.260135,103.7789,QGWL,,#VALUE!
697,5.62735,0.009117,YWYF,,#VALUE!
698,1.236317,103.7153,LTQG,,#VALUE!
699,38.65854,121.8063,HKJT,,#VALUE!
700,50.50042,-2.173127,VFSQ,,#VALUE!
701,51.88764,4.401062,LHZC,,#VALUE!
702,50.7535,-5.995333,APXM,,#VALUE!
703,55.7293,20.95355,NYQQ,,#VALUE!
704,51.44415,2.599162,GRNM,,#VALUE!
705,1.264777,103.7916,EENU,,#VALUE!
706,-34.76735,138.4922,HPJL,,#VALUE!
707,-32.0465,115.7427,KPRS,,#VALUE!
708,22.57158,114.2604,CHWF,,#VALUE!
709,24.60892,66.87438,IBSL,,#VALUE!
710,-39.22017,145.8923,RNKS,,#VALUE!
711,40.658,1.775167,AEBF,,#VALUE!
712,1.43685,103.8897,IUSH,,#VALUE!
713,1.25575,103.7862,QIYC,,#VALUE!
714,22.53754,113.8538,MLGW,,#VALUE!
715,35.07335,129.1521,GYLY,,#VALUE!
716,35.10077,129.0943,XDHQ,,#VALUE!
717,-21.85306,-40.26225,FTQP,,#VALUE!
718,35.40957,-75.16572,FOSS,,#VALUE!
719,9.352366,-79.91068,YZUU,,#VALUE!
720,-23.96167,-46.29622,RZYS,,#VALUE!
721,51.50262,0.489453,XHNQ,,#VALUE!
722,24.76632,67.3314,BZKU,,#VALUE!
723,35.22167,26.9785,KRVE,,#VALUE!
724,43.63425,-9.891802,UMLL,,#VALUE!
725,-34.74773,19.30358,HNKM,,#VALUE!
726,36.00208,120.2147,ZTPK,,#VALUE!
727,-29.88132,31.023,SFGN,,#VALUE!
728,38.77525,-9.861505,WPFV,,#VALUE!
729,22.10382,114.1343,XJGB,,#VALUE!
730,40.6125,22.926,PIXO,,#VALUE!
731,49.47994,-5.648468,IMSL,,#VALUE!
732,51.89167,4.436833,UYIJ,,#VALUE!
733,28.4885,-16.22733,FRSL,,#VALUE!
734,51.921,3.715,BWQA,,#VALUE!
735,54.05113,-4.898895,SRIO,,#VALUE!
736,60.03017,28.97517,XYDS,,#VALUE!
737,53.67,5.936345,KIUV,,#VALUE!
738,27.81522,121.5689,BFOI,,#VALUE!
739,24.53741,118.9727,CGNW,,#VALUE!
740,6.18472,95.53297,UJHU,,#VALUE!
741,1.278867,103.8941,CGVP,,#VALUE!
742,34.5352,137.0317,WIRL,,#VALUE!
743,43.34815,5.335195,VKFF,,#VALUE!
744,20.07513,72.36301,REOB,,#VALUE!
745,40.58013,-29.4667,SPQC,,#VALUE!
746,34.74838,119.4359,HWJN,,#VALUE!
747,1.232533,103.8859,OLNW,,#VALUE!
748,-27.83097,153.8126,MJYS,,#VALUE!
749,57.68833,11.85267,VARU,,#VALUE!
750,-33.7986,25.68286,HFFQ,,#VALUE!
751,35.99967,120.211,GKZY,,#VALUE!
752,1.266167,103.8407,QGSJ,,#VALUE!
753,24.98317,55.05983,XENP,,#VALUE!
754,49.47431,0.156562,TBGH,,#VALUE!
755,1.780068,102.6443,MRWS,,#VALUE!
756,36.40883,15.65346,DHCU,,#VALUE!
757,-36.73195,-73.13876,FECN,,#VALUE!
758,35.9028,14.82561,VSCJ,,#VALUE!
759,-6.092728,106.9196,HZEY,,#VALUE!
760,28.69818,-89.35374,KXIB,,#VALUE!
761,31.3388,121.6532,UPRW,,#VALUE!
762,-29.77615,31.15564,XOUB,,#VALUE!
763,22.57349,114.2633,WHCH,,#VALUE!
764,9.94045,-82.94476,LERI,,#VALUE!
765,6.211033,95.40872,RMDK,,#VALUE!
766,35.87383,-5.583167,JBEL,,#VALUE!
767,50.43383,-1.441333,RLFK,,#VALUE!
768,22.69055,113.6593,MHKW,,#VALUE!
769,18.60675,72.52139,GINJ,,#VALUE!
770,3.013083,101.3564,DXFD,,#VALUE!
771,35.07748,128.8171,KVOW,,#VALUE!
772,24.99797,55.06795,UMME,,#VALUE!
773,2.643547,101.3808,AQOW,,#VALUE!
774,40.66299,-74.14612,DDBJ,,#VALUE!
775,-35.04536,-56.00293,FZDX,,#VALUE!
776,14.68457,-17.42629,ZSOI,,#VALUE!
777,37.55202,-76.03999,NDVJ,,#VALUE!
778,43.30403,5.346375,OXNT,,#VALUE!
779,-28.83867,-48.67183,GJNY,,#VALUE!
780,10.378,-75.51133,CCRB,,#VALUE!
781,37.82666,-9.834931,FUJQ,,#VALUE!
782,14.687,-17.42767,OETC,,#VALUE!
783,6.141167,1.284633,VJHO,,#VALUE!
784,33.81846,131.9604,SDQS,,#VALUE!
785,22.87545,119.9875,PTST,,#VALUE!
786,-37.66431,176.1749,DSUL,,#VALUE!
787,40.73807,29.25626,FNNO,,#VALUE!
788,51.95033,4.07,IXRW,,#VALUE!
789,53.541,9.895166,NKLQ,,#VALUE!
790,43.57283,10.30467,TWLV,,#VALUE!
791,37.59453,-0.974647,BMIG,,#VALUE!
792,51.30096,4.266718,PLKF,,#VALUE!
793,3.8784,9.502588,NVXX,,#VALUE!
794,-4.0503,39.61702,ACSC,,#VALUE!
795,31.32787,121.6725,BOZD,,#VALUE!
796,13.69855,100.5839,BUKX,,#VALUE!
797,37.58188,121.3786,FOGD,,#VALUE!
798,38.1057,25.7073,ZETV,,#VALUE!
799,51.87861,4.420126,YHHF,,#VALUE!
800,53.57679,8.53665,EGUE,,#VALUE!
801,41.98762,-69.83548,HZRY,,#VALUE!
802,37.5477,-9.016942,WZTV,,#VALUE!
803,36.93028,-76.33828,GQFE,,#VALUE!
804,47.583,-122.3457,XQRD,,#VALUE!
805,43.41014,4.847368,FUPQ,,#VALUE!
806,51.29667,4.269,YMGB,,#VALUE!
807,-6.097395,106.8984,UZJW,,#VALUE!
808,30.62618,122.0555,UJHP,,#VALUE!
809,1.303715,103.6451,EMMZ,,#VALUE!
810,1.264167,103.7813,KWIG,,#VALUE!
811,25.47283,-79.61383,ZUYO,,#VALUE!
812,22.11584,114.4875,QLIS,,#VALUE!
813,22.32533,114.1266,BHVX,,#VALUE!
814,37.82892,-123.4378,DUER,,#VALUE!
815,35.01378,128.7881,LLGJ,,#VALUE!
816,22.39223,113.8897,CGXV,,#VALUE!
817,11.6635,43.24258,TRPC,,#VALUE!
818,40.64312,14.73643,HMET,,#VALUE!
819,32.12657,-81.13663,IDVV,,#VALUE!
820,40.67087,-74.1373,VWEX,,#VALUE!
821,6.944688,79.84546,HJXW,,#VALUE!
822,33.70539,132.216,VWSM,,#VALUE!
823,60.02265,29.26903,RSLS,,#VALUE!
824,54.91727,13.55973,SIJI,,#VALUE!
825,37.3272,126.5375,FZJQ,,#VALUE!
826,44.39572,8.929483,UVCY,,#VALUE!
827,15.83087,-87.97605,IWIY,,#VALUE!
828,10.05868,-83.1076,ITPD,,#VALUE!
829,53.83893,8.052292,LKWC,,#VALUE!
830,39.4265,-0.300333,FDPY,,#VALUE!
831,35.85354,14.72376,QJBF,,#VALUE!
832,32.85493,34.99308,TQUF,,#VALUE!
833,6.432205,3.351162,TNQJ,,#VALUE!
834,36.65984,14.0097,LBEF,,#VALUE!
835,-23.79503,-43.76539,WGWD,,#VALUE!
836,1.2846,104.2993,IJHF,,#VALUE!
837,47.6857,-122.4637,MDKW,,#VALUE!
838,34.41802,-121.5004,ASJZ,,#VALUE!
839,29.94534,121.8375,ZMVB,,#VALUE!
840,19.59821,-107.6727,EHLA,,#VALUE!
841,22.54641,120.3261,TAOL,,#VALUE!
842,51.96275,4.054976,IBRO,,#VALUE!
843,56.6844,7.924333,JEJT,,#VALUE!
844,-4.77865,11.82977,WEEG,,#VALUE!
845,15.84353,-87.9502,SVPY,,#VALUE!
846,24.4411,118.0404,STGY,,#VALUE!
847,38.88869,118.3416,JXKQ,,#VALUE!
848,30.21773,122.0427,CYHJ,,#VALUE!
849,42.34223,-71.01923,VVPK,,#VALUE!
850,22.54167,114.368,FLJF,,#VALUE!
851,37.79471,-122.3101,BVGN,,#VALUE!
852,9.35946,-79.88382,OTJA,,#VALUE!
853,1.274655,103.7594,UIIG,,#VALUE!
854,38.26787,141.0242,JLQV,,#VALUE!
855,42.77433,132.979,GTRT,,#VALUE!
856,18.26562,-69.55141,ECZC,,#VALUE!
857,28.13449,-15.41768,LCUT,,#VALUE!
858,6.429375,3.34207,HRLL,,#VALUE!
859,36.16543,-5.38193,CXUF,,#VALUE!
860,35.87569,-5.87476,TBWV,,#VALUE!
861,26.52898,-78.7645,ZDXF,,#VALUE!
862,37.07405,13.29182,MSMD,,#VALUE!
863,1.267288,103.8347,TQJO,,#VALUE!
864,22.53247,120.2061,MWVX,,#VALUE!
865,9.363383,-79.88559,DIUL,,#VALUE!
866,26.07287,-80.11777,FQVC,,#VALUE!
867,36.31867,35.488,NXEY,,#VALUE!
868,35.61174,139.7786,QYNF,,#VALUE!
869,8.87037,-79.45457,FGMU,,#VALUE!
870,49.57433,-4.782333,OJDD,,#VALUE!
871,2.73471,101.3364,IBHE,,#VALUE!
872,22.10046,114.1649,TVOO,,#VALUE!
873,22.5638,120.3107,YTNF,,#VALUE!
874,22.3329,119.4357,IJUR,,#VALUE!
875,-33.86817,25.75083,VOQH,,#VALUE!
876,-29.8789,31.03237,IBWE,,#VALUE!
877,-20.76018,55.21297,FRCU,,#VALUE!
878,38.04439,24.74434,LLUC,,#VALUE!
879,33.94238,35.56467,JVDQ,,#VALUE!
880,53.62956,-0.193125,JXOG,,#VALUE!
881,58.77587,4.456099,PYFJ,,#VALUE!
882,54.38727,18.71869,MSYD,,#VALUE!
883,51.96717,1.541833,IGHB,,#VALUE!
884,24.98401,55.05396,VJWN,,#VALUE!
885,35.07717,128.788,JRBM,,#VALUE!
886,6.947437,79.84612,LQSA,,#VALUE!
887,56.315,12.0765,DTFB,,#VALUE!
888,40.593,22.92133,XXBL,,#VALUE!
889,53.59415,8.152715,GGNU,,#VALUE!
890,37.86467,25.80533,PVNY,,#VALUE!
891,9.982166,75.99316,UHGN,,#VALUE!
892,22.46182,113.8778,FQHR,,#VALUE!
893,-35.49928,117.2488,WESD,,#VALUE!
894,-37.8107,144.9147,HLWK,,#VALUE!
895,-27.36118,153.178,LJKE,,#VALUE!
896,-20.30505,-70.24215,MBHZ,,#VALUE!
897,10.08953,-83.13078,VXSX,,#VALUE!
898,11.13277,-75.22681,ZLNG,,#VALUE!
899,21.47898,39.08925,LUEA,,#VALUE!
900,25.51487,54.82232,BQXH,,#VALUE!
901,24.69827,66.88074,ONYV,,#VALUE!
902,-34.58433,-58.36342,DXPI,,#VALUE!
903,22.02345,114.4236,XCRH,,#VALUE!
904,31.80358,34.57127,JHCO,,#VALUE!
905,34.96159,129.1884,SNMF,,#VALUE!
906,36.02092,120.2145,YJDM,,#VALUE!
907,1.458217,103.1828,DAST,,#VALUE!
908,40.6029,22.92738,YDSU,,#VALUE!
909,35.8902,-5.497237,DCCS,,#VALUE!
910,38.61248,15.5629,XMMF,,#VALUE!
911,22.42034,114.5434,ZWMG,,#VALUE!
912,1.28695,103.7667,FDTT,,#VALUE!
913,22.3614,113.9126,IUOP,,#VALUE!
914,36.25018,-5.005239,USVC,,#VALUE!
915,43.86712,-9.295878,YVSE,,#VALUE!
916,5.551847,0.030725,GOFS,,#VALUE!
917,34.74567,119.4278,OJTP,,#VALUE!
918,33.64872,-120.7846,WLOH,,#VALUE!
919,31.37623,121.577,RCVP,,#VALUE!
920,-3.669837,128.181,IONN,,#VALUE!
921,24.98417,55.06367,UCUK,,#VALUE!
922,47.57847,-122.3459,PETB,,#VALUE!
923,17.95332,-76.76762,VDCC,,#VALUE!
924,-34.81959,138.2797,VKEI,,#VALUE!
925,5.23354,-0.123155,JGOD,,#VALUE!
926,-22.94947,14.49802,JPCI,,#VALUE!
927,35.79894,-5.064375,OBJV,,#VALUE!
928,49.75933,-5.946483,VOUJ,,#VALUE!
929,50.30254,-0.554222,HTGM,,#VALUE!
930,51.49399,0.730873,GWUK,,#VALUE!
931,35.10277,139.6617,GYYK,,#VALUE!
932,40.2905,121.7532,MKKF,,#VALUE!
933,40.27367,122.0942,FLQL,,#VALUE!
934,22.64933,113.681,QPBJ,,#VALUE!
935,24.33933,118.1937,RQQX,,#VALUE!
936,21.45745,39.08693,VWPO,,#VALUE!
937,29.93717,121.8655,KHPW,,#VALUE!
938,52.57693,3.418307,FONN,,#VALUE!
939,51.35074,4.263425,IRDI,,#VALUE!
940,55.62669,12.91113,GYUP,,#VALUE!
941,51.33735,4.275723,WWZK,,#VALUE!
942,53.53533,9.950334,VTBV,,#VALUE!
943,53.53961,9.913346,LBUV,,#VALUE!
944,1.170332,103.9522,ZVAE,,#VALUE!
945,51.32042,1.82647,EUPR,,#VALUE!
946,50.38589,0.279138,SISR,,#VALUE!
947,37.10566,11.75789,KKQL,,#VALUE!
948,3.638417,-77.5614,JOWE,,#VALUE!
949,31.33238,121.665,UBWE,,#VALUE!
950,-12.05282,-77.14986,LJPV,,#VALUE!
951,34.8055,-121.1838,RSVO,,#VALUE!
952,22.5693,114.2578,QSRY,,#VALUE!
953,51.95941,4.073699,RHBP,,#VALUE!
954,60.0155,29.40067,BQCT,,#VALUE!
955,37.40901,10.9655,UPBH,,#VALUE!
956,45.50009,-73.54608,ZEAM,,#VALUE!
957,40.68614,-74.1545,AWJI,,#VALUE!
958,41.19817,2.156833,BJBA,,#VALUE!
959,29.35067,34.89667,QNPH,,#VALUE!
960,48.51509,-125.4495,RFFL,,#VALUE!
961,24.76933,118.8367,WVRD,,#VALUE!
962,39.20644,118.9849,WZVA,,#VALUE!
963,37.81078,-122.3288,OOYF,,#VALUE!
964,45.31966,14.45484,UOWT,,#VALUE!
965,22.16779,114.8774,YXEK,,#VALUE!
966,3.03347,101.3569,SNSY,,#VALUE!
967,48.92555,-5.658323,SRMR,,#VALUE!
968,-4.044873,39.62873,MRXW,,#VALUE!
969,13.06479,100.8926,QDYS,,#VALUE!
970,14.60469,119.8591,MEBQ,,#VALUE!
971,35.799,32.58933,ODRF,,#VALUE!
972,1.262167,103.8823,FGJP,,#VALUE!
973,44.35343,37.33385,IVEL,,#VALUE!
974,31.96639,-80.60955,XCUE,,#VALUE!
975,36.85928,12.42432,GBBE,,#VALUE!
976,49.57371,-0.152557,PIGV,,#VALUE!
977,39.25355,-76.54639,DHEO,,#VALUE!
978,17.98341,-76.83653,BQVH,,#VALUE!
979,9.976666,76.25066,LUKE,,#VALUE!
980,37.83559,15.99929,HQCR,,#VALUE!
981,35.82035,14.53905,MFPM,,#VALUE!
982,38.24837,15.62885,ODPT,,#VALUE!
983,51.68272,4.593323,AXMN,,#VALUE!
984,13.33407,100.6489,QVGJ,,#VALUE!
985,24.27743,120.5247,BSZJ,,#VALUE!
986,38.9822,117.7601,PSJN,,#VALUE!
987,23.51962,119.9115,QFEB,,#VALUE!
988,46.48963,30.75558,XIGK,,#VALUE!
989,-36.84358,174.7823,NBEX,,#VALUE!
990,35.62178,139.7598,EBXF,,#VALUE!
991,38.44109,15.70407,WMLR,,#VALUE!
992,51.87886,3.185487,IVZM,,#VALUE!
993,-19.81946,34.83401,VOBS,,#VALUE!
994,29.64964,122.4326,RENO,,#VALUE!
995,31.32985,121.6695,XUJQ,,#VALUE!
996,31.11755,122.8443,MXNE,,#VALUE!
997,49.08111,-5.291429,PBYL,,#VALUE!
998,31.36574,121.7079,FLLF,,#VALUE!
999,34.16144,24.01961,ZCVG,,#VALUE!
1000,17.86389,-76.79388,XCXW,,#VALUE!
1001,52.58199,3.873358,JYSK,,#VALUE!
1002,24.752,119.4115,SFHX,,#VALUE!
1003,-35.15741,151.337,QQWT,,#VALUE!
1004,51.94763,4.048934,OPBX,,#VALUE!
1005,35.59675,139.7729,KGJW,,#VALUE!
1006,49.3019,-123.2296,MSCD,,#VALUE!
1007,-33.91061,18.44855,CFLR,,#VALUE!
1008,22.09144,114.2692,AXMH,,#VALUE!
1009,36.31641,-3.001788,CLXO,,#VALUE!
1010,36.39195,-2.566583,IBMU,,#VALUE!
1011,5.99902,95.78624,ESXK,,#VALUE!
1012,51.86187,2.006728,ZMAD,,#VALUE!
1013,25.02417,55.05567,THXS,,#VALUE!
1014,59.98734,29.71733,ERJM,,#VALUE!
1015,55.64567,15.471,NALI,,#VALUE!
1016,2.547833,101.5332,NDIN,,#VALUE!
1017,22.88133,117.0717,MNFG,,#VALUE!
1018,25.14213,121.7552,MSQH,,#VALUE!
1019,-27.77933,153.7182,BTKB,,#VALUE!
1020,25.29865,121.8626,IMHL,,#VALUE!
1021,22.7383,69.68446,CIIJ,,#VALUE!
1022,49.56987,-4.05123,NDYE,,#VALUE!
1023,59.90713,24.94138,TTJD,,#VALUE!
1024,53.91789,7.815808,JVSE,,#VALUE!
1025,51.87775,4.424215,VLRS,,#VALUE!
1026,22.54603,120.2346,XIKV,,#VALUE!
1027,38.69882,-9.16866,VNKP,,#VALUE!
1028,-34.8298,173.974,UQNU,,#VALUE!
1029,54.95554,-0.687238,LENY,,#VALUE!
1030,9.988852,-83.02088,OKEH,,#VALUE!
1031,17.69238,83.30092,BAMO,,#VALUE!
1032,36.207,-3.7685,EUUL,,#VALUE!
1033,22.20678,114.8915,WTEP,,#VALUE!
1034,2.753783,101.2747,HBPE,,#VALUE!
1035,38.86473,118.171,TZBD,,#VALUE!
1036,51.4014,2.606483,XXXE,,#VALUE!
1037,35.78957,14.86664,YRVB,,#VALUE!
1038,35.31683,26.52683,RVUX,,#VALUE!
1039,35.81912,14.53753,KBFG,,#VALUE!
1040,-20.3945,-40.24883,CQYG,,#VALUE!
1041,24.7825,66.98566,CWGT,,#VALUE!
1042,60.04609,28.71637,MNOD,,#VALUE!
1043,49.98404,-5.730977,BISP,,#VALUE!
1044,56.13906,5.232475,RRYT,,#VALUE!
1045,-34.76926,138.4894,OEBP,,#VALUE!
1046,21.99517,114.0182,RVGX,,#VALUE!
1047,53.20865,-5.989655,IARR,,#VALUE!
1048,54.77338,13.39467,RMPP,,#VALUE!
1049,60.21588,25.18628,BWFB,,#VALUE!
1050,35.98756,-4.85144,OIBF,,#VALUE!
1051,34.07905,132.4479,OTDZ,,#VALUE!
1052,50.3733,0.26575,XMCS,,#VALUE!
1053,-37.97023,144.9235,RNCF,,#VALUE!
1054,43.10624,131.9014,KUDW,,#VALUE!
1055,43.10583,131.9322,QJDN,,#VALUE!
1056,24.576,56.64517,FISM,,#VALUE!
1057,32.13065,-81.14037,GKVY,,#VALUE!
1058,34.99372,129.4043,GTDO,,#VALUE!
1059,1.25745,103.8459,QBDU,,#VALUE!
1060,27.7269,121.5791,LGVR,,#VALUE!
1061,31.99503,119.9768,XBBX,,#VALUE!
1062,13.0715,100.8552,GWBN,,#VALUE!
1063,-6.097198,106.8951,BQIR,,#VALUE!
1064,37.43825,126.5969,RUYU,,#VALUE!
1065,33.75145,-118.2735,AKGI,,#VALUE!
1066,22.15448,114.1688,RXBT,,#VALUE!
1067,-2.245167,-79.92997,MEUW,,#VALUE!
1068,39.95783,-73.0034,JXMZ,,#VALUE!
1069,36.13727,-5.435892,EKBC,,#VALUE!
1070,9.452305,-79.86486,NIMS,,#VALUE!
1071,21.97102,114.5742,KWBP,,#VALUE!
1072,52.74075,3.931152,SKGR,,#VALUE!
1073,52.312,2.4105,YNNB,,#VALUE!
1074,53.59249,8.521955,DCOH,,#VALUE!
1075,57.64679,11.0338,LHRP,,#VALUE!
1076,54.65749,19.84265,TEPK,,#VALUE!
1077,49.10826,-123.1462,VPQQ,,#VALUE!
1078,17.24274,72.73366,MGMG,,#VALUE!
1079,34.63493,135.4408,CTJF,,#VALUE!
1080,25.24458,121.7833,UAWJ,,#VALUE!
1081,21.97382,114.476,LIIB,,#VALUE!
1082,22.30489,114.0959,JTHT,,#VALUE!
1083,44.46261,-63.36689,SVSB,,#VALUE!
1084,25.25345,55.26558,BQOQ,,#VALUE!
1085,1.26055,103.3329,SEFF,,#VALUE!
1086,-40.68708,174.1791,IVFI,,#VALUE!
1087,44.65146,-125.2358,MQRM,,#VALUE!
1088,48.29565,-123.4753,CXYA,,#VALUE!
1089,35.07735,128.796,BPOE,,#VALUE!
1090,1.258217,103.7797,VYYJ,,#VALUE!
1091,24.76435,67.3286,WKUO,,#VALUE!
1092,38.89567,122.0335,HNHL,,#VALUE!
1093,34.06917,-77.9345,DRAK,,#VALUE!
1094,49.6086,-5.588708,YQRD,,#VALUE!
1095,56.485,5.495833,WJYX,,#VALUE!
1096,24.51612,118.5578,VQND,,#VALUE!
1097,18.55665,-76.01273,QLFD,,#VALUE!
1098,38.57499,-9.898762,WWOV,,#VALUE!
1099,22.74491,69.71081,SQYQ,,#VALUE!
1100,42.4677,27.5405,JUGV,,#VALUE!
1101,36.53568,35.91606,LMQK,,#VALUE!
1102,36.00969,120.2078,KIYH,,#VALUE!
1103,22.56703,114.2739,UPSW,,#VALUE!
1104,36.15825,-5.421679,LJGA,,#VALUE!
1105,33.83822,-118.842,UOHP,,#VALUE!
1106,48.55527,-6.924335,RSQG,,#VALUE!
1107,21.57104,-96.98798,QYLI,,#VALUE!
1108,38.73545,-124.1571,TGJP,,#VALUE!
1109,35.02721,136.8249,RMJX,,#VALUE!
1110,31.1015,129.8875,HLXI,,#VALUE!
1111,9.609167,-16.12837,MVXX,,#VALUE!
1112,38.55862,15.71562,YURO,,#VALUE!
1113,24.27177,120.5145,GWRB,,#VALUE!
1114,38.99034,117.7783,WLGT,,#VALUE!
1115,22.92221,116.5801,ZGLF,,#VALUE!
1116,17.24083,-76.73417,MTDQ,,#VALUE!
1117,34.91881,129.3543,XSYS,,#VALUE!
1118,33.62014,136.2126,KIUI,,#VALUE!
1119,40.67267,14.74483,AULY,,#VALUE!
1120,8.857935,-79.52016,NHUO,,#VALUE!
1121,33.75443,-118.2633,TDNS,,#VALUE!
1122,37.57796,121.3787,LPNJ,,#VALUE!
1123,22.91397,113.5956,JLDE,,#VALUE!
1124,-34.35373,18.03189,GSOH,,#VALUE!
1125,22.46796,113.8748,CHWR,,#VALUE!
1126,54.97336,13.94494,DQEX,,#VALUE!
1127,51.96011,3.995612,YGEP,,#VALUE!
1128,40.66581,-74.1441,GEHR,,#VALUE!
1129,24.44781,118.0036,VCTH,,#VALUE!
1130,34.53182,138.1601,BQXZ,,#VALUE!
1131,31.63785,121.2301,IMXW,,#VALUE!
1132,33.2825,134.3571,RLXA,,#VALUE!
1133,40.75562,29.72823,GGDF,,#VALUE!
1134,13.13026,100.8778,UNOC,,#VALUE!
1135,13.69412,100.5877,KJST,,#VALUE!
1136,31.17217,121.8572,TOTB,,#VALUE!
1137,1.248483,103.6119,AXBO,,#VALUE!
1138,41.2659,2.301585,GSWV,,#VALUE!
1139,-33.54133,172.0218,UIKE,,#VALUE!
1140,15.74823,-88.61189,KEBS,,#VALUE!
1141,26.06585,-80.11623,DWXG,,#VALUE!
1142,59.59177,10.42745,KTDQ,,#VALUE!
1143,29.28855,-94.58572,GDKH,,#VALUE!
1144,35.88117,33.01561,UKTG,,#VALUE!
1145,10.06458,-83.08137,WMDY,,#VALUE!
1146,13.2884,-89.68964,XXSU,,#VALUE!
1147,12.91475,-89.2599,RMQO,,#VALUE!
1148,22.742,-110.9741,SYQQ,,#VALUE!
1149,13.45712,-16.55865,XPMT,,#VALUE!
1150,56.02619,11.0767,IAMF,,#VALUE!
1151,6.34954,-10.92586,VOPG,,#VALUE!
1152,2.50465,101.5758,KFZS,,#VALUE!
1153,24.29464,118.2322,KLSY,,#VALUE!
1154,-38.84702,147.9807,VBUS,,#VALUE!
1155,-4.940375,11.52517,RQMM,,#VALUE!
1156,-33.81367,18.43,UXMJ,,#VALUE!
1157,15.84264,-87.94585,YLGP,,#VALUE!
1158,10.00123,-83.07774,TPWP,,#VALUE!
1159,10.88144,-75.46268,LQCV,,#VALUE!
1160,-20.20373,-70.15565,DKCA,,#VALUE!
1161,49.77352,-3.881367,EOAE,,#VALUE!
1162,35.95315,-5.799333,EGED,,#VALUE!
1163,48.53082,-126.5019,GXPB,,#VALUE!
1164,35.07033,128.8255,NLLM,,#VALUE!
1165,24.5098,118.0775,JRJQ,,#VALUE!
1166,8.864942,-79.48972,OYLX,,#VALUE!
1167,38.75967,15.57928,AENV,,#VALUE!
1168,13.43147,-16.56538,BNMU,,#VALUE!
1169,35.817,14.5435,REDN,,#VALUE!
1170,41.33566,2.198187,LWUN,,#VALUE!
1171,-35.08598,-55.16132,YYSW,,#VALUE!
1172,36.13191,-5.422572,XWVC,,#VALUE!
1173,35.81267,15.43423,BIBK,,#VALUE!
1174,53.49023,5.086689,RCOV,,#VALUE!
1175,-6.695583,39.45305,PXZC,,#VALUE!
1176,-40.66483,176.8128,JIWK,,#VALUE!
1177,11.82305,-15.57784,ELXA,,#VALUE!
1178,38.96367,117.8329,FNUU,,#VALUE!
1179,22.33188,114.0892,PUFE,,#VALUE!
1180,27.62437,-79.83516,ERYD,,#VALUE!
1181,18.8942,71.4278,CUUJ,,#VALUE!
1182,29.61257,-95.00562,CLQO,,#VALUE!
1183,10.31571,-75.59672,IGNE,,#VALUE!
1184,51.87974,4.415023,DQOG,,#VALUE!
1185,59.69557,10.35103,AKAY,,#VALUE!
1186,51.88772,4.44385,ELVD,,#VALUE!
1187,21.46013,39.15707,XUEC,,#VALUE!
1188,1.251033,103.6098,LTZK,,#VALUE!
1189,37.95392,23.58612,XOQK,,#VALUE!
1190,6.1655,95.63245,YTQT,,#VALUE!
1191,-33.9706,151.215,ZKXB,,#VALUE!
1192,38.99721,117.7764,SQMH,,#VALUE!
1193,30.653,122.0205,PHRW,,#VALUE!
1194,22.27953,38.88369,OEKI,,#VALUE!
1195,22.5774,120.3042,UGNP,,#VALUE!
1196,33.70997,-7.58988,WRWU,,#VALUE!
1197,36.73846,13.62075,RBVG,,#VALUE!
1198,51.95979,4.066795,NIYW,,#VALUE!
1199,31.37764,121.5739,XSQE,,#VALUE!
1200,-6.097383,106.8998,IWSD,,#VALUE!
1201,36.13397,15.20338,AFSG,,#VALUE!
1202,1.259827,103.7917,NBDU,,#VALUE!
1203,41.35033,2.169217,VROV,,#VALUE!
1204,1.261667,103.8387,BCPM,,#VALUE!
1205,21.34468,-89.67796,SOMU,,#VALUE!
1206,37.93253,-8.846659,ZGQN,,#VALUE!
1207,-20.32356,-40.32825,RLHV,,#VALUE!
1208,22.74254,69.71445,PJIC,,#VALUE!
1209,5.626,0.010333,ZRLR,,#VALUE!
1210,-21.13789,168.6773,YNCV,,#VALUE!
1211,1.25963,103.8697,DSYE,,#VALUE!
1212,-40.71877,173.6542,KVIM,,#VALUE!
1213,38.97727,117.7728,ATBF,,#VALUE!
1214,43.34804,-3.042353,XDYH,,#VALUE!
1215,-8.534817,125.5599,NVVH,,#VALUE!
1216,55.64589,21.16059,GJNN,,#VALUE!
1217,57.369,11.46906,HWMK,,#VALUE!
1218,53.57983,4.816667,XOCH,,#VALUE!
1219,41.19279,-8.686625,STFL,,#VALUE!
1220,49.06133,-7.247667,BZET,,#VALUE!
1221,51.76907,3.327667,JAER,,#VALUE!
1222,40.63775,22.90592,RMPB,,#VALUE!
1223,36.83433,10.43467,IWDL,,#VALUE!
1224,36.75156,-1.649297,KRGB,,#VALUE!
1225,49.35247,0.97752,BFBK,,#VALUE!
1226,54.93141,13.63778,AUMO,,#VALUE!
1227,41.31875,2.19694,TBBB,,#VALUE!
1228,31.83233,34.65015,BWIO,,#VALUE!
1229,53.60497,8.499647,IQLS,,#VALUE!
1230,54.41329,7.247348,NNGB,,#VALUE!
1231,6.992077,79.79816,XHBO,,#VALUE!
1232,35.82111,14.53484,QBYW,,#VALUE!
1233,3.893868,-77.04414,SEXS,,#VALUE!
1234,13.05507,100.9001,SQUX,,#VALUE!
1235,51.90015,-8.415417,UXDX,,#VALUE!
1236,33.80561,-78.0957,YQYT,,#VALUE!
1237,47.29605,-2.15358,MJFY,,#VALUE!
1238,59.88611,10.75277,EQTI,,#VALUE!
1239,15.84066,-87.94495,RWTK,,#VALUE!
1240,22.32412,113.7971,NGPQ,,#VALUE!
1241,34.88975,119.8238,OJNM,,#VALUE!
1242,22.06402,114.1175,SSBW,,#VALUE!
1243,52.12388,2.6439,FKLT,,#VALUE!
1244,-4.202217,39.81162,CXEC,,#VALUE!
1245,25.25277,55.2673,KLXE,,#VALUE!
1246,36.14735,-5.435347,KRMC,,#VALUE!
1247,36.14887,-5.43609,OKDT,,#VALUE!
1248,-0.151757,-51.02639,BBVF,,#VALUE!
1249,21.44027,38.98559,IYNC,,#VALUE!
1250,54.91461,-1.364262,ENGX,,#VALUE!
1251,51.78846,4.639212,IHLZ,,#VALUE!
1252,35.80136,14.64427,NWZS,,#VALUE!
1253,36.82405,10.41637,WGLI,,#VALUE!
1254,35.34443,25.14882,MBLP,,#VALUE!
1255,34.73072,129.2073,BUVO,,#VALUE!
1256,34.65527,135.2426,WOET,,#VALUE!
1257,22.29713,-109.814,RYIO,,#VALUE!
1258,39.66817,-75.52966,QWGT,,#VALUE!
1259,43.09071,131.8691,LALW,,#VALUE!
1260,37.95409,23.58048,RDRF,,#VALUE!
1261,38.04693,15.59241,ANSK,,#VALUE!
1262,-1.433408,-48.71435,DOLB,,#VALUE!
1263,33.82465,126.3055,RRSF,,#VALUE!
1264,35.85131,14.74911,PNFX,,#VALUE!
1265,25.761,-77.23186,TFGF,,#VALUE!
1266,37.14103,24.97832,UNDE,,#VALUE!
1267,33.96004,130.8711,RQJG,,#VALUE!
1268,10.82953,-75.74834,JIMW,,#VALUE!
1269,34.64781,33.01373,GIUG,,#VALUE!
1270,56.00789,11.05845,RXCD,,#VALUE!
1271,33.75325,-118.2361,YVTE,,#VALUE!
1272,32.26566,-79.78906,NPWL,,#VALUE!
1273,51.96157,4.049282,XQMD,,#VALUE!
1274,53.50202,9.937734,KSEV,,#VALUE!
1275,51.35068,3.80131,AOCR,,#VALUE!
1276,13.33773,100.6101,PCNO,,#VALUE!
1277,-35.5195,175.0333,MYLL,,#VALUE!
1278,-6.09755,106.9045,TUVT,,#VALUE!
1279,35.86183,14.74867,NJLL,,#VALUE!
1280,2.876213,101.2593,CPSD,,#VALUE!
1281,51.96003,4.069292,FDPY,,#VALUE!
1282,51.9353,3.800838,SWTM,,#VALUE!
1283,53.87587,8.706139,TCYN,,#VALUE!
1284,31.34593,121.6712,UGIC,,#VALUE!
1285,6.043373,-10.85418,FIKR,,#VALUE!
1286,-2.247458,-79.92889,XGVY,,#VALUE!
1287,36.12667,-5.422332,NKNP,,#VALUE!
1288,-38.93371,145.3952,FNXA,,#VALUE!
1289,2.144023,101.9451,UHDX,,#VALUE!
1290,12.11466,-68.91422,FIWG,,#VALUE!
1291,35.07735,128.804,AJZC,,#VALUE!
1292,22.4723,113.8726,IJPC,,#VALUE!
1293,-34.50657,174.4035,UVSS,,#VALUE!
1294,31.33478,121.6608,BDKK,,#VALUE!
1295,22.14565,114.225,BQBY,,#VALUE!
1296,42.73717,133.0839,OUJD,,#VALUE!
1297,32.82942,-79.89368,AYNF,,#VALUE!
1298,35.13209,-75.16962,TIGI,,#VALUE!
1299,40.45929,29.06999,FRTO,,#VALUE!
1300,32.73833,34.77679,XNOK,,#VALUE!
1301,53.461,-3.0255,VJMJ,,#VALUE!
1302,18.00617,-63.04477,OSFY,,#VALUE!
1303,40.96622,28.68212,LZEI,,#VALUE!
1304,40.17891,18.91911,IWDW,,#VALUE!
1305,25.01587,51.60549,MSGJ,,#VALUE!
1306,37.34169,126.6353,BYEA,,#VALUE!
1307,32.86213,35.00703,UJXD,,#VALUE!
1308,37.95672,23.58838,VIXH,,#VALUE!
1309,13.10686,-59.63052,CYUK,,#VALUE!
1310,13.05422,100.8977,RMQV,,#VALUE!
1311,22.15502,114.2189,FRUB,,#VALUE!
1312,22.30908,91.80291,KPHY,,#VALUE!
1313,-6.101383,106.8826,MPGQ,,#VALUE!
1314,20.26672,-86.73154,DMZA,,#VALUE!
1315,-6.7574,39.33982,BVLJ,,#VALUE!
1316,34.55833,138.8835,UOTW,,#VALUE!
1317,34.62923,135.3757,SRGJ,,#VALUE!
1318,34.43634,130.1958,TSGR,,#VALUE!
1319,33.00513,135.0646,EBJJ,,#VALUE!
1320,61.17359,21.11258,QCLP,,#VALUE!
1321,33.66825,136.2564,TSPW,,#VALUE!
1322,8.875862,-79.49696,JZWN,,#VALUE!
1323,53.63037,-0.195033,UBKO,,#VALUE!
1324,39.6068,-9.83,SEBB,,#VALUE!
1325,54.53357,10.27047,GVAB,,#VALUE!
1326,59.89029,30.22361,USMO,,#VALUE!
1327,54.9515,18.48167,SQJU,,#VALUE!
1328,54.7772,12.90096,CNFZ,,#VALUE!
1329,37.15233,-75.33553,CBVL,,#VALUE!
1330,22.48656,-97.88394,NBLO,,#VALUE!
1331,51.58383,2.097517,WJGM,,#VALUE!
1332,37.95557,24.58805,NKWL,,#VALUE!
1333,25.14367,121.7548,WJKS,,#VALUE!
1334,24.52089,118.0811,UVRQ,,#VALUE!
1335,-1.353765,-48.67856,NSVF,,#VALUE!
1336,22.33812,114.1238,DLML,,#VALUE!
1337,4.18175,73.49578,NXDJ,,#VALUE!
1338,64.15964,-21.93099,EXHC,,#VALUE!
1339,23.88265,118.341,DELW,,#VALUE!
1340,-6.099667,106.8923,ZNQY,,#VALUE!
1341,42.23188,-8.846378,ZTVN,,#VALUE!
1342,59.59587,25.04096,FGWK,,#VALUE!
1343,58.208,10.39883,YCGV,,#VALUE!
1344,55.54857,14.88051,JTPN,,#VALUE!
1345,10.074,-83.103,ZXIO,,#VALUE!
1346,-6.097147,106.8887,VJNQ,,#VALUE!
1347,1.284857,104.1713,BLRT,,#VALUE!
1348,-22.46585,13.1259,MCXY,,#VALUE!
1349,17.86279,-102.222,IRVK,,#VALUE!
1350,13.5755,-89.83932,DBAH,,#VALUE!
1351,29.35083,-116.315,JYIA,,#VALUE!
1352,33.77696,131.5988,OQHG,,#VALUE!
1353,13.06087,100.8857,PXPS,,#VALUE!
1354,22.54248,120.3293,SPVO,,#VALUE!
1355,34.63254,135.301,QBPB,,#VALUE!
1356,34.02367,129.9142,ILRF,,#VALUE!
1357,34.94675,129.2725,LQRP,,#VALUE!
1358,40.94054,28.61483,HNUX,,#VALUE!
1359,11.61194,43.13515,FWKI,,#VALUE!
1360,31.37442,121.5816,KBPC,,#VALUE!
1361,35.998,120.209,QURX,,#VALUE!
1362,-6.007722,106.8995,LTPC,,#VALUE!
1363,-20.81006,55.13005,VWKG,,#VALUE!
1364,5.274498,-4.013552,AMIF,,#VALUE!
1365,60.09997,29.37308,HDPQ,,#VALUE!
1366,59.94267,29.8963,GKPF,,#VALUE!
1367,51.97615,4.0279,WTAE,,#VALUE!
1368,54.71731,19.05963,FHAG,,#VALUE!
1369,-16.95501,-73.0205,BNQO,,#VALUE!
1370,53.56812,9.667835,QILW,,#VALUE!
1371,17.61255,-77.21954,FEIM,,#VALUE!
1372,23.23706,119.93,WVHW,,#VALUE!
1373,54.43604,-167.2471,HRFX,,#VALUE!
1374,53.34807,-6.199767,TTKA,,#VALUE!
1375,50.01611,-4.606978,NYJB,,#VALUE!
1376,51.87963,4.406647,WCQA,,#VALUE!
1377,35.88475,14.51453,QRMO,,#VALUE!
1378,3.025133,101.3567,NPBV,,#VALUE!
1379,40.35353,121.7843,GRCO,,#VALUE!
1380,1.31407,104.354,SEFN,,#VALUE!
1381,-18.07733,49.42475,EBNK,,#VALUE!
1382,57.68831,11.85795,JAZI,,#VALUE!
1383,-36.38484,175.5901,XWKB,,#VALUE!
1384,25.12567,54.84383,LMYX,,#VALUE!
1385,31.32628,121.6752,IISU,,#VALUE!
1386,30.95968,122.8767,AKSR,,#VALUE!
1387,36.22644,-3.861637,DHIG,,#VALUE!
1388,22.73815,69.69539,JIHF,,#VALUE!
1389,22.53457,113.8545,WMBN,,#VALUE!
1390,12.11489,-68.91613,TTUN,,#VALUE!
1391,-11.19848,-78.18371,DBBS,,#VALUE!
1392,8.954059,-79.575,WUGV,,#VALUE!
1393,42.25915,-8.689408,AHBC,,#VALUE!
1394,35.07739,128.7993,UUXO,,#VALUE!
1395,34.37504,-120.5614,RVLH,,#VALUE!
1396,32.12033,-81.13333,OYOP,,#VALUE!
1397,15.69465,-88.62028,GNIG,,#VALUE!
1398,25.76626,-80.15837,TTMP,,#VALUE!
1399,53.62976,-0.195823,KUJP,,#VALUE!
1400,31.37277,121.5855,JDDD,,#VALUE!
1401,51.95646,4.004848,TNJS,,#VALUE!
1402,35.8961,-5.490356,DKRH,,#VALUE!
1403,-35.09227,-55.52991,CGZN,,#VALUE!
1404,-33.96842,151.2146,WART,,#VALUE!
1405,-8.7989,13.25228,IWVW,,#VALUE!
1406,54.43642,-166.3058,XRAQ,,#VALUE!
1407,44.4603,-63.4543,ODII,,#VALUE!
1408,31.89292,-80.46048,WNFC,,#VALUE!
1409,1.277217,103.7787,CMTG,,#VALUE!
1410,22.21355,114.1637,LXRL,,#VALUE!
1411,3.056732,100.7695,FOCD,,#VALUE!
1412,2.28945,101.7653,WKAX,,#VALUE!
1413,39.19218,1.876375,PRNO,,#VALUE!
1414,5.8295,96.48666,SIVR,,#VALUE!
1415,51.25979,4.402493,FMJU,,#VALUE!
1416,51.83346,-5.925899,SKOS,,#VALUE!
1417,15.85494,-88.63496,TGFU,,#VALUE!
1418,18.85785,72.48991,NRHM,,#VALUE!
1419,36.79522,-75.56977,NNTE,,#VALUE!
1420,31.82283,34.64204,RUBH,,#VALUE!
1421,22.92318,116.7935,HPNE,,#VALUE!
1422,5.423666,100.3607,ZRLR,,#VALUE!
1423,2.712167,101.1567,MWMQ,,#VALUE!
1424,31.37083,121.5897,UKMO,,#VALUE!
1425,-39.82717,177.1735,JHUL,,#VALUE!
1426,22.65492,113.679,QSAE,,#VALUE!
1427,40.27104,122.0943,QWNO,,#VALUE!
1428,35.45972,139.6936,XWXB,,#VALUE!
1429,22.47298,-97.88435,GBLP,,#VALUE!
1430,52.01155,2.881702,SOJW,,#VALUE!
1431,28.23919,121.7902,RIJG,,#VALUE!
1432,24.80298,66.98716,BZUW,,#VALUE!
1433,-18.44793,11.17136,JQNB,,#VALUE!
1434,23.20402,119.8264,OHMP,,#VALUE!
1435,15.58643,-22.45118,JICK,,#VALUE!
1436,33.94159,31.93172,GRQJ,,#VALUE!
1437,35.81849,14.54179,TSEX,,#VALUE!
1438,42.73385,133.076,KRJR,,#VALUE!
1439,57.45019,11.40712,DITU,,#VALUE!
1440,16.76682,-17.82733,JWOC,,#VALUE!
1441,36.44686,-3.107102,ZDKR,,#VALUE!
1442,51.41014,-3.097745,DNHR,,#VALUE!
1443,38.51499,-8.87456,BMKS,,#VALUE!
1444,51.90299,4.379987,QBVQ,,#VALUE!
1445,41.30625,2.14643,HGBA,,#VALUE!
1446,43.41827,4.834675,CHEK,,#VALUE!
1447,34.66716,135.2354,VEOT,,#VALUE!
1448,-27.36742,153.1739,YPKG,,#VALUE!
1449,35.56055,139.8799,FCPF,,#VALUE!
1450,1.272667,103.7735,HQXQ,,#VALUE!
1451,38.8815,118.0811,OAIP,,#VALUE!
1452,24.27831,120.5242,YXBS,,#VALUE!
1453,25.57492,-79.47453,ORNQ,,#VALUE!
1454,36.06508,-29.93787,PWYJ,,#VALUE!
1455,40.76448,29.53432,WOJA,,#VALUE!
1456,53.59962,8.512934,XSGJ,,#VALUE!
1457,13.90541,-90.78841,AZRT,,#VALUE!
1458,1.565668,103.0635,JCIR,,#VALUE!
1459,34.99268,136.6636,NHHZ,,#VALUE!
1460,-4.716383,11.76362,XPNI,,#VALUE!
1461,-6.73491,146.9783,JFIQ,,#VALUE!
1462,17.91503,-76.78513,DJDY,,#VALUE!
1463,35.07744,128.8131,ZHOK,,#VALUE!
1464,-16.25178,-6.452933,RLAC,,#VALUE!
1465,-34.83675,21.48278,RVAK,,#VALUE!
1466,24.83283,66.97489,BDHP,,#VALUE!
1467,14.63188,120.1219,GSSG,,#VALUE!
1468,38.65029,-74.85037,VRUE,,#VALUE!
1469,30.60745,122.0836,VEIO,,#VALUE!
1470,-33.95758,26.21473,NUAU,,#VALUE!
1471,26.48197,-78.79808,BNII,,#VALUE!
1472,9.415321,-79.88504,ODXW,,#VALUE!
1473,51.89182,4.432404,QYWH,,#VALUE!
1474,57.43471,23.37193,NKLB,,#VALUE!
1475,6.345667,2.42335,VBLE,,#VALUE!
1476,1.265417,103.7822,SHRT,,#VALUE!
1477,22.17953,114.8633,LZRC,,#VALUE!
1478,23.04702,113.511,FNYX,,#VALUE!
1479,31.12789,121.4673,JWVX,,#VALUE!
1480,51.39765,3.107487,RTYU,,#VALUE!
1481,30.66867,-88.03371,YBWH,,#VALUE!
1482,42.15176,41.65381,VTJF,,#VALUE!
1483,26.98903,-115.1443,BQSV,,#VALUE!
1484,32.30919,-79.29889,ORIW,,#VALUE!
1485,53.84875,8.96551,GYIV,,#VALUE!
1486,2.099732,102.0762,QESC,,#VALUE!
1487,3.801078,-77.35152,JRST,,#VALUE!
1488,20.58164,71.59447,OKOX,,#VALUE!
1489,3.221132,101.205,KRNO,,#VALUE!
1490,2.926163,101.2893,TOZG,,#VALUE!
1491,18.95996,72.94865,KHNY,,#VALUE!
1492,32.83956,-79.92907,UMSR,,#VALUE!
1493,59.33144,5.313523,QPTI,,#VALUE!
1494,53.49826,9.942063,KNJM,,#VALUE!
1495,52.06631,3.219958,BFSK,,#VALUE!
1496,9.94584,-82.96612,LWUZ,,#VALUE!
1497,54.20555,8.000355,BNFH,,#VALUE!
1498,45.4566,12.25753,NCCO,,#VALUE!
1499,64.1495,-21.8565,FFAD,,#VALUE!
1500,58.89961,19.42643,IXSU,,#VALUE!
1501,53.99749,7.423555,NZIL,,#VALUE!
1502,59.46967,22.92653,RTTG,,#VALUE!
1503,36.61203,136.6237,ROUA,,#VALUE!
1504,34.68133,135.2873,EFVY,,#VALUE!
1505,17.98075,-76.82579,UKCF,,#VALUE!
1506,43.34406,-3.045705,ARHP,,#VALUE!
1507,-33.03033,-71.62704,REHM,,#VALUE!
1508,-18.09584,49.42376,GCDJ,,#VALUE!
1509,6.373672,3.407517,SLXG,,#VALUE!
1510,-54.8112,-68.29588,VPPD,,#VALUE!
1511,57.00897,24.0958,FIBF,,#VALUE!
1512,11.006,-61.8775,KZEE,,#VALUE!
1513,36.12819,-5.418159,CHBJ,,#VALUE!
1514,-29.6959,31.17543,XYQS,,#VALUE!
1515,25.55244,-79.65444,RCQG,,#VALUE!
1516,54.36587,10.14225,PJMW,,#VALUE!
1517,59.8713,30.20692,DMEW,,#VALUE!
1518,2.936917,101.2957,IZBF,,#VALUE!
1519,17.98149,-76.83425,VDCL,,#VALUE!
1520,37.91217,24.56565,BIIC,,#VALUE!
1521,26.74237,-118.2262,PVDF,,#VALUE!
1522,1.300483,104.287,EXPZ,,#VALUE!
1523,39.2135,118.9994,WTUS,,#VALUE!
1524,30.06115,47.9348,JRLR,,#VALUE!
1525,12.87959,-17.78984,JABA,,#VALUE!
1526,6.948153,79.85257,JFDV,,#VALUE!
1527,53.25548,4.604533,MVHW,,#VALUE!
1528,59.89205,30.22622,NMGQ,,#VALUE!
1529,53.85518,6.60495,BRBS,,#VALUE!
1530,10.39818,-75.52987,DUZC,,#VALUE!
1531,33.71387,-7.542652,MHCP,,#VALUE!
1532,13.44503,-16.57092,BRDS,,#VALUE!
1533,34.60158,135.311,BFSO,,#VALUE!
1534,25.02288,55.04908,INFW,,#VALUE!
1535,7.014616,79.79183,AHJM,,#VALUE!
1536,22.06353,120.2306,RTEP,,#VALUE!
1537,40.89805,28.64134,DCRE,,#VALUE!
1538,41.34235,2.187337,ZWWJ,,#VALUE!
1539,51.81879,4.721828,SZSS,,#VALUE!
1540,53.34556,-6.200188,EQEQ,,#VALUE!
1541,-8.786667,13.27138,BLTM,,#VALUE!
1542,1.238333,103.7899,QOKX,,#VALUE!
1543,-34.5739,23.35827,RFTC,,#VALUE!
1544,5.58872,0.055347,DXJS,,#VALUE!
1545,-6.80875,146.9828,MQYR,,#VALUE!
1546,-31.24247,30.36507,XTSP,,#VALUE!
1547,41.53052,29.24585,ZFER,,#VALUE!
1548,44.72243,37.81527,XDKF,,#VALUE!
1549,44.26043,8.454433,WUSQ,,#VALUE!
1550,34.63632,135.2999,YCMD,,#VALUE!
1551,38.89742,118.1021,AJYH,,#VALUE!
1552,37.79619,-122.3162,JEPX,,#VALUE!
1553,-8.753847,13.21649,VPWI,,#VALUE!
1554,6.943333,79.85017,BIDH,,#VALUE!
1555,6.234137,3.459315,BWHY,,#VALUE!
1556,41.29639,2.205425,FPSH,,#VALUE!
1557,51.79463,4.618455,RFIX,,#VALUE!
1558,52.42234,4.767473,RKQB,,#VALUE!
1559,38.7258,-9.106693,SBCT,,#VALUE!
1560,50.48771,0.8573,BLST,,#VALUE!
1561,37.7151,16.06087,RVPW,,#VALUE!
1562,51.95115,2.320005,UQYY,,#VALUE!
1563,22.07697,114.2188,QOON,,#VALUE!
1564,49.47931,-4.233953,GINV,,#VALUE!
1565,31.92438,120.2197,JLVW,,#VALUE!
1566,29.41702,-94.82702,ULCN,,#VALUE!
1567,6.137708,95.70329,TLEG,,#VALUE!
1568,13.05562,100.9023,EENV,,#VALUE!
1569,6.348001,2.421493,FECI,,#VALUE!
1570,-34.65362,18.91429,DQKK,,#VALUE!
1571,-28.59115,15.35328,VRCZ,,#VALUE!
1572,27.60668,-118.0776,KYEG,,#VALUE!
1573,-33.92618,26.13518,UTNN,,#VALUE!
1574,3.036178,101.3568,HGKH,,#VALUE!
1575,22.09521,114.2501,VJYJ,,#VALUE!
1576,22.09067,114.2011,PARK,,#VALUE!
1577,1.263183,103.8441,PKVK,,#VALUE!
1578,33.26445,136.033,WTJT,,#VALUE!
1579,39.0007,117.7757,DQQL,,#VALUE!
1580,22.13063,114.3244,JKND,,#VALUE!
1581,-24.03753,153.0989,JMAW,,#VALUE!
1582,33.76872,-118.2317,UBVY,,#VALUE!
1583,39.40651,-0.268703,MRLE,,#VALUE!
1584,18.96412,72.94855,WUTS,,#VALUE!
1585,22.74728,69.70744,UTWN,,#VALUE!
1586,51.75307,1.737042,JRET,,#VALUE!
1587,34.81157,27.22476,FWHO,,#VALUE!
1588,25.95886,55.51571,UUVP,,#VALUE!
1589,33.45219,126.2063,SQXE,,#VALUE!
1590,53.94371,7.675692,CILT,,#VALUE!
1591,38.69977,-9.16443,IIDC,,#VALUE!
1592,21.40444,-110.3751,VAUE,,#VALUE!
1593,40.67861,-74.14635,PROX,,#VALUE!
1594,-4.046203,39.62657,DAWK,,#VALUE!
1595,-12.04512,-77.14563,GJST,,#VALUE!
1596,26.76985,-80.05334,TFII,,#VALUE!
1597,22.25367,114.1145,UOGN,,#VALUE!
1598,22.12755,114.5309,PNFK,,#VALUE!
1599,22.52592,120.2747,URSS,,#VALUE!
1600,40.77412,29.02409,KIOG,,#VALUE!
1601,1.259383,103.7755,CERL,,#VALUE!
1602,22.34373,114.1214,PFIQ,,#VALUE!
1603,22.67753,69.73391,EATE,,#VALUE!
1604,1.766627,102.4974,DLDF,,#VALUE!
1605,33.81014,-7.422107,RMMG,,#VALUE!
1606,33.76207,-118.276,VEBY,,#VALUE!
1607,-37.81356,144.9126,JTXN,,#VALUE!
1608,31.37091,121.6973,VEFG,,#VALUE!
1609,-34.4394,18.29984,TMZZ,,#VALUE!
1610,39.20355,118.9966,NETK,,#VALUE!
1611,6.186985,95.79257,ENUT,,#VALUE!
1612,35.61243,139.7629,PGWR,,#VALUE!
1613,49.8795,-0.156842,ZZUX,,#VALUE!
1614,50.1634,-0.92024,VZFG,,#VALUE!
1615,5.271883,-4.013625,PQRQ,,#VALUE!
1616,53.50031,9.937716,HGJO,,#VALUE!
1617,53.52625,9.963632,PHGT,,#VALUE!
1618,22.10201,114.3476,VDGO,,#VALUE!
1619,49.45697,0.168693,JKXW,,#VALUE!
1620,1.929553,102.2736,TUNC,,#VALUE!
1621,51.95087,3.990483,WVOB,,#VALUE!
1622,33.70947,-120.7565,FFUI,,#VALUE!
1623,25.14771,121.7533,YIQV,,#VALUE!
1624,36.25933,15.30772,GBTO,,#VALUE!
1625,-43.27426,174.2416,OHGS,,#VALUE!
1626,22.33,114.1325,WKYU,,#VALUE!
1627,22.35428,-111.7779,RULD,,#VALUE!
1628,22.35834,114.5428,TNNV,,#VALUE!
1629,49.46088,0.140833,EFHH,,#VALUE!
1630,51.21188,2.061988,CIFS,,#VALUE!
1631,6.528841,77.55247,FNGY,,#VALUE!
1632,51.94926,3.988483,CGYC,,#VALUE!
1633,-37.17777,150.3837,CCEZ,,#VALUE!
1634,33.73992,131.7901,DTZB,,#VALUE!
1635,36.129,-5.422333,EABK,,#VALUE!
1636,-4.126369,39.79057,YNJX,,#VALUE!
1637,5.53615,0.045017,YJZD,,#VALUE!
1638,34.74563,119.425,HKSU,,#VALUE!
1639,32.30007,32.87725,TSTD,,#VALUE!
1640,37.16791,23.94864,TJUW,,#VALUE!
1641,33.90915,35.53576,AZOY,,#VALUE!
1642,39.01161,121.8694,NLUT,,#VALUE!
1643,1.271773,103.7643,HKMD,,#VALUE!
1644,51.28437,4.256088,GJWM,,#VALUE!
1645,22.43659,120.3513,MHBC,,#VALUE!
1646,16.29588,118.9109,ONPW,,#VALUE!
1647,35.06805,128.8129,RAPV,,#VALUE!
1648,22.5745,114.2823,YCUQ,,#VALUE!
1649,22.16259,115.0412,UFXW,,#VALUE!
1650,31.95737,-80.50232,ILIX,,#VALUE!
1651,32.60125,-79.5546,AMRW,,#VALUE!
1652,61.09027,20.80581,BFUA,,#VALUE!
1653,8.973177,-79.58206,RIKX,,#VALUE!
1654,41.68489,141.214,KSLZ,,#VALUE!
1655,42.19958,16.18414,XYQO,,#VALUE!
1656,38.65782,-124.2155,VDUM,,#VALUE!
1657,34.14288,-119.5657,EBWH,,#VALUE!
1658,34.47121,137.3411,XPJF,,#VALUE!
1659,35.37817,139.7047,KGFQ,,#VALUE!
1660,25.70136,56.57279,BBGS,,#VALUE!
1661,24.80553,66.98549,JDRK,,#VALUE!
1662,22.32879,114.1292,JJQT,,#VALUE!
1663,8.958665,-79.56585,IEQO,,#VALUE!
1664,-20.14139,57.49111,UBPQ,,#VALUE!
1665,9.369637,-79.88541,BWKV,,#VALUE!
1666,38.57787,120.7297,EDJI,,#VALUE!
1667,37.25443,11.63724,QXMG,,#VALUE!
1668,51.25195,1.874075,VVOX,,#VALUE!
1669,22.41399,113.8861,BJNR,,#VALUE!
1670,53.52874,9.91804,IOBK,,#VALUE!
1671,34.67847,135.2978,OEJD,,#VALUE!
1672,33.64563,25.24192,HMBJ,,#VALUE!
1673,51.95441,3.994087,LDOZ,,#VALUE!
1674,10.22948,-59.84745,ILEA,,#VALUE!
1675,29.79895,122.5973,QOOQ,,#VALUE!
1676,13.0365,100.8385,IOPZ,,#VALUE!
1677,13.06427,100.8915,VEYD,,#VALUE!
1678,22.2993,91.7961,JJPC,,#VALUE!
1679,51.45992,0.332913,EZTZ,,#VALUE!
1680,40.76461,29.00638,CRWC,,#VALUE!
1681,40.66987,-74.14137,JDOW,,#VALUE!
1682,37.95297,23.58932,JMVK,,#VALUE!
1683,41.31235,2.184143,GXWB,,#VALUE!
1684,38.28821,0.114698,HLIB,,#VALUE!
1685,-26.89734,-48.66615,EATW,,#VALUE!
1686,-23.15146,-43.1167,UBWP,,#VALUE!
1687,10.08283,-83.11531,QGMI,,#VALUE!
1688,34.83199,27.34759,PSHQ,,#VALUE!
1689,36.87401,-76.34901,JRSF,,#VALUE!
1690,1.271512,103.7855,HYPG,,#VALUE!
1691,54.28453,-130.3613,HPYE,,#VALUE!
1692,35.60429,139.7666,RIVW,,#VALUE!
1693,13.99827,120.0282,GETJ,,#VALUE!
1694,31.94693,-80.35752,NVQD,,#VALUE!
1695,31.00632,122.6647,VAPV,,#VALUE!
1696,33.56637,-118.1496,ILVH,,#VALUE!
1697,9.276602,-79.91322,ISRN,,#VALUE!
1698,38.79975,26.88473,FEYZ,,#VALUE!
1699,-12.025,-77.21217,OIJN,,#VALUE!
1700,22.46552,113.876,TRLD,,#VALUE!
1701,-6.095933,106.9194,YXIK,,#VALUE!
1702,22.56749,114.2558,USCJ,,#VALUE!
1703,22.57359,120.3073,FXFZ,,#VALUE!
1704,44.19057,8.74032,UHZV,,#VALUE!
1705,9.350828,-79.90748,LGLO,,#VALUE!
1706,44.10159,-9.52002,MEWN,,#VALUE!
1707,-12.95838,-38.50827,FPJI,,#VALUE!
1708,6.130498,1.30865,FQOD,,#VALUE!
1709,51.32565,4.336875,NQIJ,,#VALUE!
1710,59.31616,21.78876,JIBB,,#VALUE!
1711,53.64155,5.382765,QQKD,,#VALUE!
1712,53.89371,9.145264,HJZT,,#VALUE!
1713,65.53323,24.49775,OTEW,,#VALUE!
1714,49.99898,-2.075982,IZPB,,#VALUE!
1715,51.89328,4.326968,GFXF,,#VALUE!
1716,22.4516,113.8853,HKHJ,,#VALUE!
1717,27.56028,-117.9679,MQRV,,#VALUE!
1718,31.30954,121.7653,ZFTB,,#VALUE!
1719,1.245243,104.0537,LHWM,,#VALUE!
1720,1.199138,103.6285,ZXUK,,#VALUE!
1721,24.52638,119.2066,LKBW,,#VALUE!
1722,35.71786,130.2033,UKHW,,#VALUE!
1723,22.43236,120.3131,ZKXD,,#VALUE!
1724,57.11496,23.88134,BSPR,,#VALUE!
1725,56.02968,12.6917,CQST,,#VALUE!
1726,43.34553,-3.044393,QPGM,,#VALUE!
1727,60.03129,29.04824,GAMV,,#VALUE!
1728,13.95477,-61.11352,QRSE,,#VALUE!
1729,37.37679,136.4787,KSUQ,,#VALUE!
1730,43.32015,140.919,IFSR,,#VALUE!
1731,5.624555,0.008247,JHGL,,#VALUE!
1732,54.49468,10.33601,IVXY,,#VALUE!
1733,44.40424,8.896493,STIC,,#VALUE!
1734,39.40015,-0.292422,KXTK,,#VALUE!
1735,-6.059208,106.8757,QHIT,,#VALUE!
1736,35.44271,139.6796,AWTZ,,#VALUE!
1737,24.91536,120.7371,OFRB,,#VALUE!
1738,36.00597,120.3939,UNYX,,#VALUE!
1739,5.2055,98.54405,VKIB,,#VALUE!
1740,-34.5494,18.70335,KCXI,,#VALUE!
1741,51.62033,2.060167,OUTC,,#VALUE!
1742,36.861,-75.5465,QIRO,,#VALUE!
1743,47.64682,-122.4425,MQNB,,#VALUE!
1744,24.98709,55.05264,DRIP,,#VALUE!
1745,22.56653,114.2831,BEAY,,#VALUE!
1746,45.55295,13.7334,JQYD,,#VALUE!
1747,33.75183,-118.2411,TVPX,,#VALUE!
1748,39.00304,117.7863,XRCR,,#VALUE!
1749,51.95005,4.067182,QQTW,,#VALUE!
1750,53.34323,-6.208038,DXVE,,#VALUE!
1751,51.96244,4.05662,JHNA,,#VALUE!
1752,51.95427,4.164597,QGMU,,#VALUE!
1753,36.10995,-5.246813,SUSJ,,#VALUE!
1754,-35.64594,175.1971,QPGJ,,#VALUE!
1755,43.50994,16.24581,FHHO,,#VALUE!
1756,39.19719,119.1346,NLNY,,#VALUE!
1757,22.74558,69.70988,MHTG,,#VALUE!
1758,-2.813908,-80.50509,CXUM,,#VALUE!
1759,-24.09079,-46.2606,YWTN,,#VALUE!
1760,22.56228,120.3171,AJTC,,#VALUE!
1761,39.76199,-9.768759,PHWH,,#VALUE!
1762,22.30123,91.79657,CSCF,,#VALUE!
1763,34.76537,139.2128,KJDS,,#VALUE!
1764,3.040717,101.3565,IQQH,,#VALUE!
1765,51.2945,4.266718,VHUI,,#VALUE!
1766,10.4763,124.0711,ROMH,,#VALUE!
1767,25.02022,51.6042,BXFZ,,#VALUE!
1768,50.05016,-2.446867,RSQN,,#VALUE!
1769,6.013395,95.95002,PPWY,,#VALUE!
1770,22.09576,114.868,IGED,,#VALUE!
1771,38.93643,118.1075,YEQP,,#VALUE!
1772,23.11499,117.2046,HTUU,,#VALUE!
1773,22.65237,113.6798,IGUY,,#VALUE!
1774,-33.25185,27.85604,JJMH,,#VALUE!
1775,6.275942,3.21965,ORQL,,#VALUE!
1776,6.206765,2.471158,PVAF,,#VALUE!
1777,4.670468,7.153687,WAWG,,#VALUE!
1778,-34.33989,18.12734,KTSM,,#VALUE!
1779,22.37373,113.7779,KELJ,,#VALUE!
1780,42.7807,132.9458,ICMR,,#VALUE!
1781,22.25693,114.1074,MUVD,,#VALUE!
1782,21.96679,114.6259,OIMK,,#VALUE!
1783,-29.88501,31.10985,EMQW,,#VALUE!
1784,-32.12378,-52.10217,EXLH,,#VALUE!
1785,-26.57697,-48.33141,AQHQ,,#VALUE!
1786,44.41846,8.786875,JMHC,,#VALUE!
1787,-34.86852,21.37301,YTTK,,#VALUE!
1788,22.07315,114.4529,YRHN,,#VALUE!
1789,22.5495,120.3326,RLII,,#VALUE!
1790,2.36225,101.6866,LGCC,,#VALUE!
1791,24.5552,119.3018,HHDC,,#VALUE!
1792,1.30275,103.276,XEUH,,#VALUE!
1793,29.62192,122.349,GLEW,,#VALUE!
1794,49.6644,-0.198933,GXKV,,#VALUE!
1795,-32.04458,115.7446,TFLX,,#VALUE!
1796,-29.87782,31.02912,JXTB,,#VALUE!
1797,-6.103583,106.8908,RXBK,,#VALUE!
1798,22.57158,120.3091,OCVR,,#VALUE!
1799,22.37642,113.8986,FILR,,#VALUE!
1800,42.3468,141.795,WIQJ,,#VALUE!
1801,-6.106357,106.8828,AGCD,,#VALUE!
1802,12.14085,-69.65604,WDDU,,#VALUE!
1803,8.955667,-79.56522,IWUX,,#VALUE!
1804,11.24993,-74.21603,KUIL,,#VALUE!
1805,9.37185,-79.88824,MLNL,,#VALUE!
1806,47.42487,-122.3788,EMIY,,#VALUE!
1807,33.98718,134.9206,HEVB,,#VALUE!
1808,-6.04249,106.8938,XNVB,,#VALUE!
1809,12.18968,75.03903,XWOP,,#VALUE!
1810,-3.333608,114.5541,DRND,,#VALUE!
1811,-30.20351,30.92542,IYBW,,#VALUE!
1812,-29.68347,31.49788,KDHB,,#VALUE!
1813,37.54389,10.84173,NMJO,,#VALUE!
1814,39.00655,121.8722,OZCC,,#VALUE!
1815,38.70683,26.4515,KNPO,,#VALUE!
1816,-23.05882,-43.12323,NEQV,,#VALUE!
1817,59.67447,28.40413,SDDA,,#VALUE!
1818,33.70317,-7.51014,EJYT,,#VALUE!
1819,59.91473,30.03529,MRRP,,#VALUE!
1820,32.12948,-81.13913,IVMB,,#VALUE!
1821,36.87766,-75.89358,BZFX,,#VALUE!
1822,8.980634,-79.58832,SWRX,,#VALUE!
1823,30.6096,122.0806,EBMX,,#VALUE!
1824,40.04499,-73.33098,AHWB,,#VALUE!
1825,33.67316,-120.8757,YVVD,,#VALUE!
1826,23.35089,116.721,ASDC,,#VALUE!
1827,35.09431,129.0948,EILF,,#VALUE!
1828,34.56067,35.46931,LPNE,,#VALUE!
1829,19.21016,-96.13817,XZXU,,#VALUE!
1830,22.57854,120.3031,VCMP,,#VALUE!
1831,34.36615,-120.5708,KXPL,,#VALUE!
1832,49.65561,-3.380302,WVVB,,#VALUE!
1833,33.66096,130.4132,HTSF,,#VALUE!
1834,32.19529,119.6369,CHVH,,#VALUE!
1835,36.11819,-5.390128,XQUJ,,#VALUE!
1836,-8.120606,-34.68644,RNEH,,#VALUE!
1837,-18.13165,178.4245,VVOA,,#VALUE!
1838,37.80801,-122.3389,LPKT,,#VALUE!
1839,8.961035,-79.56802,STOO,,#VALUE!
1840,51.29436,4.25994,SKEL,,#VALUE!
1841,15.15662,-22.11847,UGVL,,#VALUE!
1842,-31.63605,-50.72727,WWNV,,#VALUE!
1843,36.56092,14.87755,QOIF,,#VALUE!
1844,41.30946,2.149498,SXGM,,#VALUE!
1845,38.42749,0.174355,HWJL,,#VALUE!
1846,34.96487,136.7654,RONQ,,#VALUE!
1847,22.6144,120.2806,LJIJ,,#VALUE!
1848,35.58978,139.7974,DNMJ,,#VALUE!
1849,-42.73613,-65.02144,JSVD,,#VALUE!
1850,-41.95991,-58.21151,QQTQ,,#VALUE!
1851,-38.61403,-57.72897,PKEI,,#VALUE!
1852,-33.59087,-71.62103,KRJQ,,#VALUE!
1853,42.17848,9.985855,WKDK,,#VALUE!
1854,41.17286,2.670852,OCSG,,#VALUE!
1855,49.02305,-123.1477,IWOU,,#VALUE!
1856,22.45313,113.8928,LDCP,,#VALUE!
1857,33.75669,-118.2143,JPVU,,#VALUE!
1858,34.25157,133.3021,YOPV,,#VALUE!
1859,-35.832,174.4853,KYMD,,#VALUE!
1860,22.60943,120.2819,YMRG,,#VALUE!
1861,37.49578,126.6078,PJPG,,#VALUE!
1862,6.945877,79.83604,WQLS,,#VALUE!
1863,38.45698,15.90635,MSXK,,#VALUE!
1864,-23.97015,-46.29299,YSVY,,#VALUE!
1865,53.67924,8.363258,FUEV,,#VALUE!
1866,27.90151,-115.6833,RYCA,,#VALUE!
1867,36.01451,120.2129,PNOL,,#VALUE!
1868,28.13091,-15.41174,MYTJ,,#VALUE!
1869,38.20766,-74.13425,NXWI,,#VALUE!
1870,-34.73738,-57.70463,EVPU,,#VALUE!
1871,-6.485462,-34.67697,QIJN,,#VALUE!
1872,28.1346,-15.41167,ITMS,,#VALUE!
1873,32.74654,-79.16965,UEKR,,#VALUE!
1874,30.63,122.0501,PBNQ,,#VALUE!
1875,54.3882,18.71083,OKYQ,,#VALUE!
1876,51.94513,1.31505,MKGR,,#VALUE!
1877,7.129517,79.40452,JDER,,#VALUE!
1878,34.76617,128.8702,ORWO,,#VALUE!
1879,-27.3737,153.1695,INMG,,#VALUE!
1880,49.47548,0.164653,HLGI,,#VALUE!
1881,-23.25456,-42.07972,MOYW,,#VALUE!
1882,53.54875,9.83498,YBWP,,#VALUE!
1883,43.41184,4.844755,IXHG,,#VALUE!
1884,22.56178,114.2791,FDMT,,#VALUE!
1885,-27.36999,153.1719,NKGR,,#VALUE!
1886,-37.7288,179.4898,ISDC,,#VALUE!
1887,-26.18433,-48.60034,JXUO,,#VALUE!
1888,-33.82005,18.44066,BDXG,,#VALUE!
1889,35.18426,129.3383,PVIB,,#VALUE!
1890,41.09954,10.04648,OFYW,,#VALUE!
1891,22.34545,114.0154,KBYG,,#VALUE!
1892,-23.07362,-41.7572,ANYK,,#VALUE!
1893,32.13452,-81.14248,SUDO,,#VALUE!
1894,39.66537,-72.54081,PHUZ,,#VALUE!
1895,-34.40947,25.02878,WNCU,,#VALUE!
1896,-34.57751,-58.37369,PSKM,,#VALUE!
1897,-25.9345,-48.31434,BFKH,,#VALUE!
1898,-36.84207,174.7833,KEQC,,#VALUE!
1899,22.44977,113.8897,IVOZ,,#VALUE!
1900,21.46482,39.14713,TIIR,,#VALUE!
1901,9.433786,-79.88409,CPSB,,#VALUE!
1902,13.06329,100.8899,GKVK,,#VALUE!
1903,43.19695,141.0129,XSAM,,#VALUE!
1904,39.60231,-9.863281,UBEG,,#VALUE!
1905,36.11798,-4.279207,RJFA,,#VALUE!
1906,22.33312,114.1248,MNTH,,#VALUE!
1907,25.08065,54.9824,QKUR,,#VALUE!
1908,32.56599,-79.06376,KSUZ,,#VALUE!
1909,30.39269,-81.56553,CHYD,,#VALUE!
1910,-4.047437,39.62426,SAQQ,,#VALUE!
1911,1.248643,103.8049,BCNB,,#VALUE!
1912,34.07542,136.7554,DUFW,,#VALUE!
1913,30.90273,130.5837,BQDH,,#VALUE!
1914,37.49388,10.94421,DEPB,,#VALUE!
1915,22.31492,114.6478,XMEW,,#VALUE!
1916,37.45342,11.09041,OTDL,,#VALUE!
1917,36.00057,120.198,TRWG,,#VALUE!
1918,33.88046,-118.9318,SQWF,,#VALUE!
1919,22.33345,114.1172,HFRY,,#VALUE!
1920,51.9525,3.99985,REOY,,#VALUE!
1921,5.82675,96.34893,IXFA,,#VALUE!
1922,53.5976,8.51575,XDBG,,#VALUE!
1923,6.945982,79.82996,BKXQ,,#VALUE!
1924,33.39957,135.145,UGWQ,,#VALUE!
1925,39.52497,-9.858398,GGSB,,#VALUE!
1926,-23.96643,-46.29155,VLSX,,#VALUE!
1927,8.866257,-79.47735,WLFQ,,#VALUE!
1928,2.636678,101.4177,WCHG,,#VALUE!
1929,35.10359,129.0802,JGBU,,#VALUE!
1930,22.37327,114.5982,SECO,,#VALUE!
1931,51.95859,4.051795,DHTS,,#VALUE!
1932,22.21902,114.1631,JHRK,,#VALUE!
1933,24.98641,55.05863,KJMU,,#VALUE!
1934,34.58578,135.2272,HIUQ,,#VALUE!
1935,29.9388,121.8597,BLOW,,#VALUE!
1936,22.45569,113.8946,WMWH,,#VALUE!
1937,35.99518,120.1976,UKIU,,#VALUE!
1938,31.64355,121.2591,UUOA,,#VALUE!
1939,38.47949,121.2065,DSYY,,#VALUE!
1940,35.99537,120.1995,OIJP,,#VALUE!
1941,36.02336,120.2184,NSZM,,#VALUE!
1942,34.73878,129.2446,RVPY,,#VALUE!
1943,38.61451,-10.1003,GPGN,,#VALUE!
1944,53.15987,1.255163,DCSH,,#VALUE!
1945,-22.3822,53.94242,BBFG,,#VALUE!
1946,6.436523,3.38567,ORKC,,#VALUE!
1947,36.09329,25.1462,BYSG,,#VALUE!
1948,-36.70831,-72.98993,BAIK,,#VALUE!
1949,39.01716,121.8596,CYCE,,#VALUE!
1950,53.75815,6.444305,NLQO,,#VALUE!
1951,-35.6423,174.9662,PCZH,,#VALUE!
1952,13.06717,100.89,WJKC,,#VALUE!
1953,23.2673,119.9024,SQWA,,#VALUE!
1954,35.02536,136.7925,BELM,,#VALUE!
1955,29.92222,122.1949,FDTJ,,#VALUE!
1956,13.0616,100.8873,LGKD,,#VALUE!
1957,22.30461,91.79868,DTYO,,#VALUE!
1958,20.92574,38.49435,GMSY,,#VALUE!
1959,36.63703,-8.726815,XGYS,,#VALUE!
1960,53.02977,4.368516,GGDP,,#VALUE!
1961,6.878225,79.60369,MXGQ,,#VALUE!
1962,-19.90788,109.9384,SCYC,,#VALUE!
1963,-27.36508,153.1755,NNPP,,#VALUE!
1964,33.76715,131.6631,FMDY,,#VALUE!
1965,30.95476,122.8002,BWBD,,#VALUE!
1966,31.14883,121.896,WVQG,,#VALUE!
1967,36.00323,120.2167,SROI,,#VALUE!
1968,24.80191,119.3337,NAHV,,#VALUE!
1969,34.38467,138.6636,TYDV,,#VALUE!
1970,-34.57718,179.6409,RPQN,,#VALUE!
1971,-0.015683,109.3328,MDGF,,#VALUE!
1972,22.52753,120.214,KJDY,,#VALUE!
1973,35.62049,-6.290554,VXOM,,#VALUE!
1974,21.30687,38.20722,STUH,,#VALUE!
1975,43.9646,-63.86234,NERL,,#VALUE!
1976,18.42326,-69.6283,WSJM,,#VALUE!
1977,18.45956,-69.88126,KQFB,,#VALUE!
1978,50.37083,0.18783,RJSN,,#VALUE!
1979,-3.269013,-80.01057,FJHQ,,#VALUE!
1980,-6.830554,147.1005,LJKX,,#VALUE!
1981,-33.9692,151.2112,CSCE,,#VALUE!
1982,5.962445,96.02396,KAKW,,#VALUE!
1983,22.10984,113.9626,XHKC,,#VALUE!
1984,4.673073,7.153955,FHXM,,#VALUE!
1985,22.64371,113.6824,SOAU,,#VALUE!
1986,6.434082,3.391488,WRPG,,#VALUE!
1987,-33.90761,18.44523,CKVR,,#VALUE!
1988,6.03936,1.284272,HYVI,,#VALUE!
1989,36.80331,10.26935,GZVY,,#VALUE!
1990,39.63412,25.79768,YOKJ,,#VALUE!
1991,24.44485,118.0178,MFSK,,#VALUE!
1992,31.83406,34.6457,JECV,,#VALUE!
1993,33.76356,-118.2723,RQQG,,#VALUE!
1994,39.4469,-0.315212,GAQI,,#VALUE!
1995,26.60892,-114.6663,QUIY,,#VALUE!
1996,17.95604,-102.1714,VHKD,,#VALUE!
1997,3.876557,-77.08621,XYEH,,#VALUE!
1998,33.94731,130.8569,PPUS,,#VALUE!
1999,-10.98823,148.0535,XCIX,,#VALUE!
2000,35.1038,129.0746,BGZJ,,#VALUE!
2001,12.9305,121.8185,JOPN,,#VALUE!
2002,27.84707,121.5743,UISG,,#VALUE!
2003,35.45599,129.3632,YWZF,,#VALUE!
2004,-38.84079,142.7279,CHSH,,#VALUE!
2005,35.40032,139.6769,UUDJ,,#VALUE!
2006,25.02552,55.0644,RQYC,,#VALUE!
2007,13.25896,80.46201,FVKL,,#VALUE!
2008,14.24427,80.22694,BXFK,,#VALUE!
2009,-35.37712,137.502,TCMD,,#VALUE!
2010,-23.5615,-44.4306,PYRO,,#VALUE!
2011,52.32472,3.137872,LIYY,,#VALUE!
2012,22.1379,91.80202,TUAQ,,#VALUE!
2013,22.29764,91.79503,XDBO,,#VALUE!
2014,51.00897,2.181725,ZKTH,,#VALUE!
2015,21.59666,38.87017,QEYV,,#VALUE!
2016,-3.032878,107.3225,YLOK,,#VALUE!
2017,37.43824,126.5999,GCZJ,,#VALUE!
2018,35.89468,-5.492372,XEKJ,,#VALUE!
2019,-34.61958,-58.19064,QMFM,,#VALUE!
2020,-23.9213,-46.34811,YJFD,,#VALUE!
2021,53.50872,9.937217,OXVC,,#VALUE!
2022,2.929495,101.291,WCCN,,#VALUE!
2023,13.35492,100.5954,WXRE,,#VALUE!
2024,22.29405,91.79427,YQYM,,#VALUE!
2025,43.97753,8.92501,WWHR,,#VALUE!
2026,36.72393,12.99142,VNTY,,#VALUE!
2027,51.34125,2.278885,EIVM,,#VALUE!
2028,49.49977,0.014752,XLMU,,#VALUE!
2029,2.84965,100.9565,FBDI,,#VALUE!
2030,1.223867,103.4371,WIMJ,,#VALUE!
2031,32.69848,-117.1581,LISO,,#VALUE!
2032,9.899941,-84.75236,CWID,,#VALUE!
2033,35.06851,128.7961,GSNY,,#VALUE!
2034,35.57099,139.8631,NFKE,,#VALUE!
2035,35.60615,139.7832,YXHJ,,#VALUE!
2036,1.282717,103.7623,ZNLV,,#VALUE!
2037,51.50396,0.501448,DDHD,,#VALUE!
2038,13.05114,100.8382,DFNK,,#VALUE!
2039,-35.08169,-54.7265,DFYK,,#VALUE!
2040,-22.8765,-43.19871,FKOT,,#VALUE!
2041,-24.23685,-46.43076,WRMC,,#VALUE!
2042,39.8686,13.99234,LOFT,,#VALUE!
2043,37.69827,24.25953,LDOU,,#VALUE!
2044,33.90895,35.54002,XYVR,,#VALUE!
2045,18.94831,72.94077,HFST,,#VALUE!
2046,24.45292,117.9785,SLPY,,#VALUE!
2047,30.62358,122.0593,SUEC,,#VALUE!
2048,41.34396,2.377573,GHMH,,#VALUE!
2049,50.90793,-1.4605,KJHV,,#VALUE!
2050,33.32246,135.3667,WJBA,,#VALUE!
2051,55.7613,7.11855,UEEI,,#VALUE!
2052,1.278582,103.7527,HETN,,#VALUE!
2053,51.89861,1.672447,DRXV,,#VALUE!
2054,48.46163,-6.159091,FNXG,,#VALUE!
2055,36.56954,13.39448,XEVK,,#VALUE!
2056,4.980523,98.37803,KCKT,,#VALUE!
2057,-5.770608,-35.20499,LIJM,,#VALUE!
2058,51.95963,4.060915,LRUR,,#VALUE!
2059,37.93089,-8.844165,OXGL,,#VALUE!
2060,34.43507,134.0235,WBDK,,#VALUE!
2061,29.93515,121.8713,YGJI,,#VALUE!
2062,31.38389,121.6134,BOYS,,#VALUE!
2063,33.48611,134.5572,CCKO,,#VALUE!
2064,31.48203,121.4445,BFNG,,#VALUE!
2065,22.57756,114.2792,DTGP,,#VALUE!
2066,-6.104988,106.8743,LGXC,,#VALUE!
2067,22.34205,114.1216,GTSX,,#VALUE!
2068,-34.8122,-57.4469,XNCM,,#VALUE!
2069,35.43845,139.6826,KKSS,,#VALUE!
2070,39.90203,-75.13393,PPDL,,#VALUE!
2071,51.70491,3.200388,VICW,,#VALUE!
2072,-33.89941,25.68716,VPWQ,,#VALUE!
2073,39.43918,-0.325818,IIGD,,#VALUE!
2074,38.46652,15.91276,EYKV,,#VALUE!
2075,-5.63459,132.741,RQJO,,#VALUE!
2076,37.81577,-31.91147,BUCL,,#VALUE!
2077,36.12887,-5.14475,RWOP,,#VALUE!
2078,1.2683,103.7837,TWTE,,#VALUE!
2079,35.07728,128.8097,MTRD,,#VALUE!
2080,5.609032,97.0389,JDUG,,#VALUE!
2081,-23.32748,-44.18816,RRLI,,#VALUE!
2082,-34.06626,-59.03347,RRRH,,#VALUE!
2083,1.424225,103.1174,GRUL,,#VALUE!
2084,24.76375,67.32442,DMIZ,,#VALUE!
2085,35.99708,120.5197,YUSE,,#VALUE!
2086,1.231233,103.3717,VYKS,,#VALUE!
2087,37.39359,11.1136,RKPY,,#VALUE!
2088,26.18625,50.71199,BIBS,,#VALUE!
2089,51.59707,2.179812,YFQL,,#VALUE!
2090,51.94815,4.053768,BEAT,,#VALUE!
2091,51.91179,1.693593,LFPP,,#VALUE!
2092,18.19277,-69.93753,XFTH,,#VALUE!
2093,30.61448,122.0723,SXCW,,#VALUE!
2094,34.6803,135.279,RCSF,,#VALUE!
2095,22.5158,120.2504,MBXT,,#VALUE!
2096,44.10578,28.65951,WQMG,,#VALUE!
2097,51.37208,2.459877,TZOC,,#VALUE!
2098,53.53358,9.910915,PSNA,,#VALUE!
2099,53.49139,4.680878,BALV,,#VALUE!
2100,30.63263,122.0464,TWHQ,,#VALUE!
2101,-27.38162,-48.23109,GGML,,#VALUE!
2102,35.88894,-5.498713,NQVJ,,#VALUE!
2103,35.0676,128.8084,VLOB,,#VALUE!
2104,16.11795,108.2156,URPX,,#VALUE!
2105,29.98045,122.0018,JMGU,,#VALUE!
2106,24.44507,118.0416,YHDN,,#VALUE!
2107,51.96371,1.287038,JPFC,,#VALUE!
2108,44.41953,8.779953,CJHK,,#VALUE!
2109,34.62517,135.4386,RXPD,,#VALUE!
2110,51.96195,1.291043,QZPS,,#VALUE!
2111,22.29224,91.79398,HEHU,,#VALUE!
2112,53.50582,9.937407,VCGQ,,#VALUE!
2113,44.14962,-9.165767,RJEW,,#VALUE!
2114,44.10597,9.846668,FFMN,,#VALUE!
2115,31.10738,121.9709,NRAC,,#VALUE!
2116,34.638,135.44,VALE,,#VALUE!
2117,31.34114,121.6473,QOKF,,#VALUE!
2118,51.90525,3.57405,OJQG,,#VALUE!
2119,3.01272,100.8043,TYCF,,#VALUE!
2120,27.93354,121.5951,CNBC,,#VALUE!
2121,30.18563,121.773,FBBQ,,#VALUE!
2122,31.09732,121.9874,NWWC,,#VALUE!
2123,35.07722,129.1275,FICO,,#VALUE!
2124,31.09587,122.3286,OFIO,,#VALUE!
2125,51.28871,4.254622,QZWS,,#VALUE!
2126,52.17317,3.645853,NVYK,,#VALUE!
2127,53.65734,5.410658,VOUW,,#VALUE!
2128,35.8837,-5.558508,GSYX,,#VALUE!
2129,22.17633,91.78533,EQEY,,#VALUE!
2130,9.410098,-79.95813,CMWN,,#VALUE!
2131,-20.13939,57.49457,CBEY,,#VALUE!
2132,33.78632,132.4746,DBRJ,,#VALUE!
2133,34.8484,139.3276,DIMF,,#VALUE!
2134,-6.049177,106.8907,DGJW,,#VALUE!
2135,13.69947,100.5829,JYGE,,#VALUE!
2136,37.46953,11.0895,JLOI,,#VALUE!
2137,3.149875,100.8089,QHBW,,#VALUE!
2138,22.21802,114.4988,ADFJ,,#VALUE!
2139,36.48295,-1.781958,TCNE,,#VALUE!
2140,22.57242,114.2841,BWYU,,#VALUE!
2141,0.00115,109.3118,WOCT,,#VALUE!
2142,60.03699,29.10563,IJQN,,#VALUE!
2143,34.99328,128.4682,IPTI,,#VALUE!
2144,22.56931,114.2869,JPAH,,#VALUE!
2145,50.9053,-1.444987,RJXX,,#VALUE!
2146,35.90245,-5.556593,EVUG,,#VALUE!
2147,-27.02145,-48.42419,NFIE,,#VALUE!
2148,31.33685,121.657,XHLR,,#VALUE!
2149,22.34352,114.1134,IMVE,,#VALUE!
2150,30.61219,122.0757,IQCX,,#VALUE!
2151,51.94794,1.313532,YJRB,,#VALUE!
2152,37.9993,-9.647242,VJZR,,#VALUE!
2153,57.48647,8.367975,UKNS,,#VALUE!
2154,1.180335,103.4468,JFES,,#VALUE!
2155,22.45928,113.8792,GSGX,,#VALUE!
2156,39.43808,-0.328897,VTGR,,#VALUE!
2157,51.29714,4.262883,YMXO,,#VALUE!
2158,2.317067,101.8353,QHRX,,#VALUE!
2159,51.89297,4.436767,UTJJ,,#VALUE!
2160,45.57399,13.68849,AOAL,,#VALUE!
2161,37.79785,-122.3227,ZLUM,,#VALUE!
2162,35.55233,139.8876,UKSE,,#VALUE!
2163,13.6977,100.5845,NHEB,,#VALUE!
2164,40.26371,13.20497,PZJI,,#VALUE!
2165,40.92324,28.71475,TCPQ,,#VALUE!
2166,36.02229,120.2166,PQIU,,#VALUE!
2167,22.1141,114.5369,DNUC,,#VALUE!
2168,-6.062772,106.8962,IBXI,,#VALUE!
2169,33.73671,-118.1915,YRCT,,#VALUE!
2170,22.0621,114.4293,GDDG,,#VALUE!
2171,31.84404,131.9054,LNGM,,#VALUE!
2172,-6.061101,106.9074,SKND,,#VALUE!
2173,38.89603,118.2885,RXTB,,#VALUE!
2174,34.09308,133.0269,XYJJ,,#VALUE!
2175,35.37806,139.7463,VMRZ,,#VALUE!
2176,37.44422,11.22746,LAFP,,#VALUE!
2177,1.263362,103.8298,DFOQ,,#VALUE!
2178,-6.0463,106.8745,AIIX,,#VALUE!
2179,-6.847048,112.7565,VRIQ,,#VALUE!
2180,34.98918,136.7923,CXWO,,#VALUE!
